qp_id,subtopic_code,question_possibility
U1_CH1_ST1_QP001,U1_CH1_ST1,Definition of Natural Numbers
U1_CH1_ST1_QP002,U1_CH1_ST1,Definition of Whole Numbers
U1_CH1_ST1_QP003,U1_CH1_ST1,Definition of Integers
U1_CH1_ST1_QP004,U1_CH1_ST1,Identify Natural Number
U1_CH1_ST1_QP005,U1_CH1_ST1,Identify Whole Number
U1_CH1_ST1_QP006,U1_CH1_ST1,Identify Integer
U1_CH1_ST1_QP007,U1_CH1_ST1,Identify Non-Natural Number
U1_CH1_ST1_QP008,U1_CH1_ST1,Identify Non-Whole Number
U1_CH1_ST1_QP009,U1_CH1_ST1,Identify Non-Integer
U1_CH1_ST1_QP010,U1_CH1_ST1,Classify Given Number
U1_CH1_ST1_QP011,U1_CH1_ST1,Classify Multiple Numbers
U1_CH1_ST1_QP012,U1_CH1_ST1,Smallest Applicable Number Set
U1_CH1_ST1_QP013,U1_CH1_ST1,Membership of Zero
U1_CH1_ST1_QP014,U1_CH1_ST1,Membership of Positive Integer
U1_CH1_ST1_QP015,U1_CH1_ST1,Membership of Negative Integer
U1_CH1_ST1_QP016,U1_CH1_ST1,Boundary Classification (?1
U1_CH1_ST1_QP017,U1_CH1_ST1,Classification after Arithmetic Operation
U1_CH1_ST1_QP018,U1_CH1_ST1,Statement-based Classification
U1_CH1_ST1_QP019,U1_CH1_ST1,True/False Classification
U1_CH1_ST1_QP020,U1_CH1_ST1,Error Detection in Classification
U1_CH1_ST10_QP001,U1_CH1_ST10,Definition of Divisibility
U1_CH1_ST10_QP002,U1_CH1_ST10,Identify Divisor
U1_CH1_ST10_QP003,U1_CH1_ST10,Identify Multiple
U1_CH1_ST10_QP004,U1_CH1_ST10,Divisible or Not Divisible
U1_CH1_ST10_QP005,U1_CH1_ST10,Divisibility by 2
U1_CH1_ST10_QP006,U1_CH1_ST10,Divisibility by 3
U1_CH1_ST10_QP007,U1_CH1_ST10,Divisibility by 5
U1_CH1_ST10_QP008,U1_CH1_ST10,Divisibility by 9
U1_CH1_ST10_QP009,U1_CH1_ST10,Divisibility by 10
U1_CH1_ST10_QP010,U1_CH1_ST10,Simultaneous Divisibility
U1_CH1_ST10_QP011,U1_CH1_ST10,Unknown Digit using Divisibility Rule
U1_CH1_ST10_QP012,U1_CH1_ST10,Largest Possible Digit
U1_CH1_ST10_QP013,U1_CH1_ST10,Smallest Possible Digit
U1_CH1_ST10_QP014,U1_CH1_ST10,Missing Number using Divisibility
U1_CH1_ST10_QP015,U1_CH1_ST10,Statement-based Divisibility
U1_CH1_ST10_QP016,U1_CH1_ST10,Error Detection in Divisibility
U1_CH1_ST10_QP017,U1_CH1_ST10,Multi-step Divisibility Reasoning
U1_CH1_ST10_QP018,U1_CH1_ST10,Divisibility after Arithmetic Operation
U1_CH1_ST10_QP019,U1_CH1_ST10,Remainder-free Division
U1_CH1_ST10_QP020,U1_CH1_ST10,Identify Common Divisor
U1_CH1_ST2_QP001,U1_CH1_ST2,Correct Inclusion Relation
U1_CH1_ST2_QP002,U1_CH1_ST2,Incorrect Inclusion Relation
U1_CH1_ST2_QP003,U1_CH1_ST2,Complete Inclusion Chain
U1_CH1_ST2_QP004,U1_CH1_ST2,Missing Set Identification
U1_CH1_ST2_QP005,U1_CH1_ST2,Proper Subset Identification
U1_CH1_ST2_QP006,U1_CH1_ST2,Superset Identification
U1_CH1_ST2_QP007,U1_CH1_ST2,Membership using Inclusion
U1_CH1_ST2_QP008,U1_CH1_ST2,Set Relationship Statements
U1_CH1_ST2_QP009,U1_CH1_ST2,Counterexample to Inclusion
U1_CH1_ST2_QP010,U1_CH1_ST2,Venn Diagram Interpretation
U1_CH1_ST3_QP001,U1_CH1_ST3,Locate Number on Number Line
U1_CH1_ST3_QP002,U1_CH1_ST3,Identify Number from Position
U1_CH1_ST3_QP003,U1_CH1_ST3,Missing Point Identification
U1_CH1_ST3_QP004,U1_CH1_ST3,Compare Positions
U1_CH1_ST3_QP005,U1_CH1_ST3,Zero as Origin
U1_CH1_ST3_QP006,U1_CH1_ST3,Positive and Negative Representation
U1_CH1_ST3_QP007,U1_CH1_ST3,Integer Mapping
U1_CH1_ST3_QP008,U1_CH1_ST3,Number Line Error Detection
U1_CH1_ST4_QP001,U1_CH1_ST4,Greater Than / Less Than
U1_CH1_ST4_QP002,U1_CH1_ST4,Ascending Order
U1_CH1_ST4_QP003,U1_CH1_ST4,Descending Order
U1_CH1_ST4_QP004,U1_CH1_ST4,Largest Number
U1_CH1_ST4_QP005,U1_CH1_ST4,Smallest Number
U1_CH1_ST4_QP006,U1_CH1_ST4,Compare Signed Numbers
U1_CH1_ST4_QP007,U1_CH1_ST4,Ordering Mixed Numbers
U1_CH1_ST4_QP008,U1_CH1_ST4,Ordering after Arithmetic
U1_CH1_ST5_QP001,U1_CH1_ST5,Identify Successor
U1_CH1_ST5_QP002,U1_CH1_ST5,Identify Predecessor
U1_CH1_ST5_QP003,U1_CH1_ST5,Consecutive Numbers
U1_CH1_ST5_QP004,U1_CH1_ST5,Missing Number
U1_CH1_ST5_QP005,U1_CH1_ST5,Boundary Cases
U1_CH1_ST5_QP006,U1_CH1_ST5,Multi-step Successor
U1_CH1_ST5_QP007,U1_CH1_ST5,Multi-step Predecessor
U1_CH1_ST6_QP001,U1_CH1_ST6,Identify Even Number
U1_CH1_ST6_QP002,U1_CH1_ST6,Identify Odd Number
U1_CH1_ST6_QP003,U1_CH1_ST6,Parity after Addition
U1_CH1_ST6_QP004,U1_CH1_ST6,Parity after Subtraction
U1_CH1_ST6_QP005,U1_CH1_ST6,Parity after Multiplication
U1_CH1_ST6_QP006,U1_CH1_ST6,Parity Deduction
U1_CH1_ST6_QP007,U1_CH1_ST6,Missing Number using Parity
U1_CH1_ST7_QP001,U1_CH1_ST7,Definition of Prime Number
U1_CH1_ST7_QP002,U1_CH1_ST7,Definition of Composite Number
U1_CH1_ST7_QP003,U1_CH1_ST7,Identify Prime Number
U1_CH1_ST7_QP004,U1_CH1_ST7,Identify Composite Number
U1_CH1_ST7_QP005,U1_CH1_ST7,Prime vs Composite Classification
U1_CH1_ST7_QP006,U1_CH1_ST7,Smallest Prime Number
U1_CH1_ST7_QP007,U1_CH1_ST7,Smallest Composite Number
U1_CH1_ST7_QP008,U1_CH1_ST7,Is One Prime or Composite
U1_CH1_ST7_QP009,U1_CH1_ST7,Is Zero Prime or Composite
U1_CH1_ST7_QP010,U1_CH1_ST7,Count Factors to Classify
U1_CH1_ST7_QP011,U1_CH1_ST7,Prime Number in a List
U1_CH1_ST7_QP012,U1_CH1_ST7,Composite Number in a List
U1_CH1_ST7_QP013,U1_CH1_ST7,Consecutive Prime Numbers
U1_CH1_ST7_QP014,U1_CH1_ST7,Twin Prime Recognition
U1_CH1_ST7_QP015,U1_CH1_ST7,Statement-based Prime Classification
U1_CH1_ST7_QP016,U1_CH1_ST7,Error Detection in Prime Classification
U1_CH1_ST8_QP001,U1_CH1_ST8,Definition of Co-prime Numbers
U1_CH1_ST8_QP002,U1_CH1_ST8,Identify Co-prime Pair
U1_CH1_ST8_QP003,U1_CH1_ST8,Identify Non Co-prime Pair
U1_CH1_ST8_QP004,U1_CH1_ST8,GCD-based Co-prime Identification
U1_CH1_ST9_QP001,U1_CH1_ST9,Closure under Addition in Natural Numbers
U1_CH1_ST9_QP002,U1_CH1_ST9,Closure under Subtraction in Natural Numbers
U1_CH1_ST9_QP003,U1_CH1_ST9,Closure under Multiplication in Natural Numbers
U1_CH1_ST9_QP004,U1_CH1_ST9,Closure under Division in Natural Numbers
U1_CH1_ST9_QP005,U1_CH1_ST9,Closure under Addition in Whole Numbers
U1_CH1_ST9_QP006,U1_CH1_ST9,Closure under Subtraction in Whole Numbers
U1_CH1_ST9_QP007,U1_CH1_ST9,Closure under Multiplication in Whole Numbers
U1_CH1_ST9_QP008,U1_CH1_ST9,Closure under Division in Whole Numbers
U1_CH1_ST9_QP009,U1_CH1_ST9,Closure under Addition in Integers
U1_CH1_ST9_QP010,U1_CH1_ST9,Closure under Subtraction in Integers
U1_CH1_ST9_QP011,U1_CH1_ST9,Closure under Multiplication in Integers
U1_CH1_ST9_QP012,U1_CH1_ST9,Closure under Division in Integers
U1_CH1_ST9_QP013,U1_CH1_ST9,Identify Operation that Breaks Closure
U1_CH1_ST9_QP014,U1_CH1_ST9,Determine Resulting Number Set after Operation
U1_CH1_ST9_QP015,U1_CH1_ST9,Closure Statement Verification
U1_CH1_ST9_QP016,U1_CH1_ST9,Counterexample to Closure Property
U1_CH1_ST9_QP017,U1_CH1_ST9,Closure using Multiple Operations
U1_CH1_ST9_QP018,U1_CH1_ST9,Closure with Negative Operands
U1_CH1_ST9_QP019,U1_CH1_ST9,Closure with Zero
U1_CH1_ST9_QP020,U1_CH1_ST9,Mixed Closure Reasoning
U1_CH10_ST1_QP001,U1_CH10_ST1,Definition of Greatest Integer Function
U1_CH10_ST1_QP002,U1_CH10_ST1,Evaluate GIF of Positive Integer
U1_CH10_ST1_QP003,U1_CH10_ST1,Evaluate GIF of Positive Decimal
U1_CH10_ST1_QP004,U1_CH10_ST1,Evaluate GIF of Negative Decimal
U1_CH10_ST1_QP005,U1_CH10_ST1,Evaluate GIF of Negative Integer
U1_CH10_ST1_QP006,U1_CH10_ST1,Evaluate GIF of Zero
U1_CH10_ST1_QP007,U1_CH10_ST1,Identify Greatest Integer
U1_CH10_ST1_QP008,U1_CH10_ST1,Statement Verification
U1_CH10_ST1_QP009,U1_CH10_ST1,Counterexample
U1_CH10_ST1_QP010,U1_CH10_ST1,Error Detection
U1_CH10_ST1_QP011,U1_CH10_ST1,Piecewise Interpretation
U1_CH10_ST1_QP012,U1_CH10_ST1,Comparison with Fractional Part Function
U1_CH10_ST2_QP001,U1_CH10_ST2,Range of GIF
U1_CH10_ST2_QP002,U1_CH10_ST2,Domain of GIF
U1_CH10_ST2_QP003,U1_CH10_ST2,Bound Property
U1_CH10_ST2_QP004,U1_CH10_ST2,Translation Property
U1_CH10_ST2_QP005,U1_CH10_ST2,Periodicity Property
U1_CH10_ST2_QP006,U1_CH10_ST2,Monotonicity Property
U1_CH10_ST2_QP007,U1_CH10_ST2,Identity Verification
U1_CH10_ST2_QP008,U1_CH10_ST2,Upper and Lower Bound
U1_CH10_ST2_QP009,U1_CH10_ST2,Property Identification
U1_CH10_ST2_QP010,U1_CH10_ST2,Statement Verification
U1_CH10_ST2_QP011,U1_CH10_ST2,Application of Properties
U1_CH10_ST2_QP012,U1_CH10_ST2,Error Detection
U1_CH10_ST3_QP001,U1_CH10_ST3,Identify Graph
U1_CH10_ST3_QP002,U1_CH10_ST3,Plot GIF
U1_CH10_ST3_QP003,U1_CH10_ST3,Jump Discontinuity Identification
U1_CH10_ST3_QP004,U1_CH10_ST3,Open and Closed Circles
U1_CH10_ST3_QP005,U1_CH10_ST3,Read Function Value
U1_CH10_ST3_QP006,U1_CH10_ST3,Read Interval Behaviour
U1_CH10_ST3_QP007,U1_CH10_ST3,Graph Transformation
U1_CH10_ST3_QP008,U1_CH10_ST3,Horizontal Shift
U1_CH10_ST3_QP009,U1_CH10_ST3,Vertical Shift
U1_CH10_ST3_QP010,U1_CH10_ST3,Graph Based Statement
U1_CH10_ST3_QP011,U1_CH10_ST3,Missing Graph Identification
U1_CH10_ST3_QP012,U1_CH10_ST3,Error Detection
U1_CH10_ST4_QP001,U1_CH10_ST4,Solve Basic GIF Equation
U1_CH10_ST4_QP002,U1_CH10_ST4,Solve Linear GIF Equation
U1_CH10_ST4_QP003,U1_CH10_ST4,Find Number of Solutions
U1_CH10_ST4_QP004,U1_CH10_ST4,Parameter Based Equation
U1_CH10_ST4_QP005,U1_CH10_ST4,Nested GIF Equation
U1_CH10_ST4_QP006,U1_CH10_ST4,Graphical Solution
U1_CH10_ST4_QP007,U1_CH10_ST4,Interval Based Solution
U1_CH10_ST4_QP008,U1_CH10_ST4,Integer Solution Identification
U1_CH10_ST4_QP009,U1_CH10_ST4,Real Solution Identification
U1_CH10_ST4_QP010,U1_CH10_ST4,Statement Verification
U1_CH10_ST4_QP011,U1_CH10_ST4,Application Problem
U1_CH10_ST4_QP012,U1_CH10_ST4,Error Detection
U1_CH10_ST5_QP001,U1_CH10_ST5,Solve Basic GIF Inequality
U1_CH10_ST5_QP002,U1_CH10_ST5,Linear GIF Inequality
U1_CH10_ST5_QP003,U1_CH10_ST5,Strict Inequality
U1_CH10_ST5_QP004,U1_CH10_ST5,Non-strict Inequality
U1_CH10_ST5_QP005,U1_CH10_ST5,Interval Solution
U1_CH10_ST5_QP006,U1_CH10_ST5,Graphical Interpretation
U1_CH10_ST5_QP007,U1_CH10_ST5,Parameter Based Inequality
U1_CH10_ST5_QP008,U1_CH10_ST5,Multiple Interval Solution
U1_CH10_ST5_QP009,U1_CH10_ST5,Statement Verification
U1_CH10_ST5_QP010,U1_CH10_ST5,Graph Selection
U1_CH10_ST5_QP011,U1_CH10_ST5,Application Problem
U1_CH10_ST5_QP012,U1_CH10_ST5,Error Detection
U1_CH10_ST6_QP001,U1_CH10_ST6,Simple Nested GIF
U1_CH10_ST6_QP002,U1_CH10_ST6,Double Nested GIF
U1_CH10_ST6_QP003,U1_CH10_ST6,Nested Expression Evaluation
U1_CH10_ST6_QP004,U1_CH10_ST6,Parameter Based Nested GIF
U1_CH10_ST6_QP005,U1_CH10_ST6,Simplification of Nested GIF
U1_CH10_ST6_QP006,U1_CH10_ST6,Identity involving Nested GIF
U1_CH10_ST6_QP007,U1_CH10_ST6,Equation with Nested GIF
U1_CH10_ST6_QP008,U1_CH10_ST6,Inequality with Nested GIF
U1_CH10_ST6_QP009,U1_CH10_ST6,Graph Interpretation
U1_CH10_ST6_QP010,U1_CH10_ST6,Statement Verification
U1_CH10_ST6_QP011,U1_CH10_ST6,Integrated Mixed Problem
U1_CH10_ST6_QP012,U1_CH10_ST6,Error Detection
U1_CH11_ST1_QP001,U1_CH11_ST1,Definition of Fractional Part Function
U1_CH11_ST1_QP002,U1_CH11_ST1,Evaluate Fractional Part of Positive Decimal
U1_CH11_ST1_QP003,U1_CH11_ST1,Evaluate Fractional Part of Positive Integer
U1_CH11_ST1_QP004,U1_CH11_ST1,Evaluate Fractional Part of Negative Decimal
U1_CH11_ST1_QP005,U1_CH11_ST1,Evaluate Fractional Part of Negative Integer
U1_CH11_ST1_QP006,U1_CH11_ST1,Evaluate Fractional Part of Zero
U1_CH11_ST1_QP007,U1_CH11_ST1,Relation between GIF and Fractional Part
U1_CH11_ST1_QP008,U1_CH11_ST1,Piecewise Definition
U1_CH11_ST1_QP009,U1_CH11_ST1,Statement Verification
U1_CH11_ST1_QP010,U1_CH11_ST1,Counterexample
U1_CH11_ST1_QP011,U1_CH11_ST1,Function Value Identification
U1_CH11_ST1_QP012,U1_CH11_ST1,Error Detection
U1_CH11_ST2_QP001,U1_CH11_ST2,Range of Fractional Part Function
U1_CH11_ST2_QP002,U1_CH11_ST2,Domain of Fractional Part Function
U1_CH11_ST2_QP003,U1_CH11_ST2,Upper Bound Property
U1_CH11_ST2_QP004,U1_CH11_ST2,Lower Bound Property
U1_CH11_ST2_QP005,U1_CH11_ST2,Translation Property
U1_CH11_ST2_QP006,U1_CH11_ST2,Identity Verification
U1_CH11_ST2_QP007,U1_CH11_ST2,Determine Integer Part
U1_CH11_ST2_QP008,U1_CH11_ST2,Recover Original Number
U1_CH11_ST2_QP009,U1_CH11_ST2,Property Identification
U1_CH11_ST2_QP010,U1_CH11_ST2,Statement Verification
U1_CH11_ST2_QP011,U1_CH11_ST2,Application of Properties
U1_CH11_ST2_QP012,U1_CH11_ST2,Error Detection
U1_CH11_ST3_QP001,U1_CH11_ST3,Identify Graph
U1_CH11_ST3_QP002,U1_CH11_ST3,Sketch Graph
U1_CH11_ST3_QP003,U1_CH11_ST3,Read Function Value
U1_CH11_ST3_QP004,U1_CH11_ST3,Open and Closed Circle Identification
U1_CH11_ST3_QP005,U1_CH11_ST3,Jump Discontinuity Identification
U1_CH11_ST3_QP006,U1_CH11_ST3,Graph Transformation
U1_CH11_ST3_QP007,U1_CH11_ST3,Horizontal Shift
U1_CH11_ST3_QP008,U1_CH11_ST3,Vertical Shift
U1_CH11_ST3_QP009,U1_CH11_ST3,Graph Based Statement
U1_CH11_ST3_QP010,U1_CH11_ST3,Missing Graph Identification
U1_CH11_ST3_QP011,U1_CH11_ST3,Application of Graph
U1_CH11_ST3_QP012,U1_CH11_ST3,Error Detection
U1_CH11_ST4_QP001,U1_CH11_ST4,Solve Basic Fractional Part Equation
U1_CH11_ST4_QP002,U1_CH11_ST4,Solve Linear Fractional Part Equation
U1_CH11_ST4_QP003,U1_CH11_ST4,Parameter Based Equation
U1_CH11_ST4_QP004,U1_CH11_ST4,Find Number of Solutions
U1_CH11_ST4_QP005,U1_CH11_ST4,Interval Based Solution
U1_CH11_ST4_QP006,U1_CH11_ST4,Graphical Solution
U1_CH11_ST4_QP007,U1_CH11_ST4,Nested Fractional Part Equation
U1_CH11_ST4_QP008,U1_CH11_ST4,Integer Solution Identification
U1_CH11_ST4_QP009,U1_CH11_ST4,Real Solution Identification
U1_CH11_ST4_QP010,U1_CH11_ST4,Statement Verification
U1_CH11_ST4_QP011,U1_CH11_ST4,Application Problem
U1_CH11_ST4_QP012,U1_CH11_ST4,Error Detection
U1_CH11_ST5_QP001,U1_CH11_ST5,Solve Basic Fractional Part Inequality
U1_CH11_ST5_QP002,U1_CH11_ST5,Linear Fractional Part Inequality
U1_CH11_ST5_QP003,U1_CH11_ST5,Strict Inequality
U1_CH11_ST5_QP004,U1_CH11_ST5,Non-strict Inequality
U1_CH11_ST5_QP005,U1_CH11_ST5,Interval Solution
U1_CH11_ST5_QP006,U1_CH11_ST5,Graphical Interpretation
U1_CH11_ST5_QP007,U1_CH11_ST5,Parameter Based Inequality
U1_CH11_ST5_QP008,U1_CH11_ST5,Multiple Interval Solution
U1_CH11_ST5_QP009,U1_CH11_ST5,Statement Verification
U1_CH11_ST5_QP010,U1_CH11_ST5,Graph Selection
U1_CH11_ST5_QP011,U1_CH11_ST5,Application Problem
U1_CH11_ST5_QP012,U1_CH11_ST5,Error Detection
U1_CH11_ST6_QP001,U1_CH11_ST6,Definition of Periodicity
U1_CH11_ST6_QP002,U1_CH11_ST6,Fundamental Period
U1_CH11_ST6_QP003,U1_CH11_ST6,Evaluate Using Periodicity
U1_CH11_ST6_QP004,U1_CH11_ST6,Graphical Periodicity
U1_CH11_ST6_QP005,U1_CH11_ST6,Translation using Periodicity
U1_CH11_ST6_QP006,U1_CH11_ST6,Identity using Periodicity
U1_CH11_ST6_QP007,U1_CH11_ST6,Equation using Periodicity
U1_CH11_ST6_QP008,U1_CH11_ST6,Inequality using Periodicity
U1_CH11_ST6_QP009,U1_CH11_ST6,Pattern Recognition
U1_CH11_ST6_QP010,U1_CH11_ST6,Statement Verification
U1_CH11_ST6_QP011,U1_CH11_ST6,Integrated Mixed Problem
U1_CH11_ST6_QP012,U1_CH11_ST6,Error Detection
U1_CH12_ST1_QP001,U1_CH12_ST1,Definition of Congruence
U1_CH12_ST1_QP002,U1_CH12_ST1,Identify Congruent Numbers
U1_CH12_ST1_QP003,U1_CH12_ST1,Verify Congruence Statement
U1_CH12_ST1_QP004,U1_CH12_ST1,Find Modulus from Congruence
U1_CH12_ST1_QP005,U1_CH12_ST1,Find Remainder from Congruence
U1_CH12_ST1_QP006,U1_CH12_ST1,Find Missing Integer
U1_CH12_ST1_QP007,U1_CH12_ST1,Congruence Using Division Algorithm
U1_CH12_ST1_QP008,U1_CH12_ST1,Equivalent Congruence Forms
U1_CH12_ST1_QP009,U1_CH12_ST1,Non-congruent Pair Identification
U1_CH12_ST1_QP010,U1_CH12_ST1,Statement Verification
U1_CH12_ST1_QP011,U1_CH12_ST1,Counterexample
U1_CH12_ST1_QP012,U1_CH12_ST1,Error Detection
U1_CH12_ST2_QP001,U1_CH12_ST2,Reflexive Property
U1_CH12_ST2_QP002,U1_CH12_ST2,Symmetric Property
U1_CH12_ST2_QP003,U1_CH12_ST2,Transitive Property
U1_CH12_ST2_QP004,U1_CH12_ST2,Addition Property
U1_CH12_ST2_QP005,U1_CH12_ST2,Subtraction Property
U1_CH12_ST2_QP006,U1_CH12_ST2,Multiplication Property
U1_CH12_ST2_QP007,U1_CH12_ST2,Power Property
U1_CH12_ST2_QP008,U1_CH12_ST2,Property Identification
U1_CH12_ST2_QP009,U1_CH12_ST2,Statement Verification
U1_CH12_ST2_QP010,U1_CH12_ST2,Counterexample
U1_CH12_ST2_QP011,U1_CH12_ST2,Application of Property
U1_CH12_ST2_QP012,U1_CH12_ST2,Error Detection
U1_CH12_ST3_QP001,U1_CH12_ST3,Definition of Residue Class
U1_CH12_ST3_QP002,U1_CH12_ST3,Identify Residue Class
U1_CH12_ST3_QP003,U1_CH12_ST3,Least Non-negative Residue
U1_CH12_ST3_QP004,U1_CH12_ST3,Equivalent Residues
U1_CH12_ST3_QP005,U1_CH12_ST3,Residue Table Completion
U1_CH12_ST3_QP006,U1_CH12_ST3,Residue Pattern Recognition
U1_CH12_ST3_QP007,U1_CH12_ST3,Find Missing Residue
U1_CH12_ST3_QP008,U1_CH12_ST3,Classify Integer into Residue Class
U1_CH12_ST3_QP009,U1_CH12_ST3,Statement Verification
U1_CH12_ST3_QP010,U1_CH12_ST3,Counterexample
U1_CH12_ST3_QP011,U1_CH12_ST3,Application Problem
U1_CH12_ST3_QP012,U1_CH12_ST3,Error Detection
U1_CH12_ST4_QP001,U1_CH12_ST4,Modular Addition
U1_CH12_ST4_QP002,U1_CH12_ST4,Modular Subtraction
U1_CH12_ST4_QP003,U1_CH12_ST4,Modular Multiplication
U1_CH12_ST4_QP004,U1_CH12_ST4,Modular Exponentiation
U1_CH12_ST4_QP005,U1_CH12_ST4,Reduce Large Integer Modulo n
U1_CH12_ST4_QP006,U1_CH12_ST4,Combined Modular Operations
U1_CH12_ST4_QP007,U1_CH12_ST4,Order of Operations
U1_CH12_ST4_QP008,U1_CH12_ST4,Missing Operand
U1_CH12_ST4_QP009,U1_CH12_ST4,Statement Verification
U1_CH12_ST4_QP010,U1_CH12_ST4,Counterexample
U1_CH12_ST4_QP011,U1_CH12_ST4,Application Problem
U1_CH12_ST4_QP012,U1_CH12_ST4,Error Detection
U1_CH12_ST5_QP001,U1_CH12_ST5,Solve Simple Linear Congruence
U1_CH12_ST5_QP002,U1_CH12_ST5,Solve Congruence with Coefficient
U1_CH12_ST5_QP003,U1_CH12_ST5,Existence of Solution
U1_CH12_ST5_QP004,U1_CH12_ST5,Number of Solutions
U1_CH12_ST5_QP005,U1_CH12_ST5,Find Smallest Positive Solution
U1_CH12_ST5_QP006,U1_CH12_ST5,General Solution Form
U1_CH12_ST5_QP007,U1_CH12_ST5,Parameter Based Congruence
U1_CH12_ST5_QP008,U1_CH12_ST5,Missing Coefficient
U1_CH12_ST5_QP009,U1_CH12_ST5,Statement Verification
U1_CH12_ST5_QP010,U1_CH12_ST5,Counterexample
U1_CH12_ST5_QP011,U1_CH12_ST5,Application Problem
U1_CH12_ST5_QP012,U1_CH12_ST5,Error Detection
U1_CH12_ST6_QP001,U1_CH12_ST6,Clock Arithmetic
U1_CH12_ST6_QP002,U1_CH12_ST6,Calendar Problems
U1_CH12_ST6_QP003,U1_CH12_ST6,Cyclic Arrangement Problems
U1_CH12_ST6_QP004,U1_CH12_ST6,Last Digit Problems
U1_CH12_ST6_QP005,U1_CH12_ST6,Repeated Pattern Problems
U1_CH12_ST6_QP006,U1_CH12_ST6,Remainder Based Word Problems
U1_CH12_ST6_QP007,U1_CH12_ST6,Encoding Problems
U1_CH12_ST6_QP008,U1_CH12_ST6,Number Pattern Problems
U1_CH12_ST6_QP009,U1_CH12_ST6,Integrated Modular Arithmetic Problem
U1_CH12_ST6_QP010,U1_CH12_ST6,Method Selection
U1_CH12_ST6_QP011,U1_CH12_ST6,Statement Verification
U1_CH12_ST6_QP012,U1_CH12_ST6,Error Detection
U1_CH13_ST1_QP001,U1_CH13_ST1,Identify Units Digit
U1_CH13_ST1_QP002,U1_CH13_ST1,Units Digit of Large Power
U1_CH13_ST1_QP003,U1_CH13_ST1,Cycle Length Identification
U1_CH13_ST1_QP004,U1_CH13_ST1,Determine Repeating Pattern
U1_CH13_ST1_QP005,U1_CH13_ST1,Odd Exponent Units Digit
U1_CH13_ST1_QP006,U1_CH13_ST1,Even Exponent Units Digit
U1_CH13_ST1_QP007,U1_CH13_ST1,Product Units Digit
U1_CH13_ST1_QP008,U1_CH13_ST1,Sum Units Digit
U1_CH13_ST1_QP009,U1_CH13_ST1,Difference Units Digit
U1_CH13_ST1_QP010,U1_CH13_ST1,Missing Exponent
U1_CH13_ST1_QP011,U1_CH13_ST1,Pattern Recognition
U1_CH13_ST1_QP012,U1_CH13_ST1,Statement Verification
U1_CH13_ST2_QP001,U1_CH13_ST2,Find Last Two Digits
U1_CH13_ST2_QP002,U1_CH13_ST2,Large Power Last Two Digits
U1_CH13_ST2_QP003,U1_CH13_ST2,Pattern Based Last Two Digits
U1_CH13_ST2_QP004,U1_CH13_ST2,Repeated Squaring
U1_CH13_ST2_QP005,U1_CH13_ST2,Mod 100 Reduction
U1_CH13_ST2_QP006,U1_CH13_ST2,Product Last Two Digits
U1_CH13_ST2_QP007,U1_CH13_ST2,Sum Last Two Digits
U1_CH13_ST2_QP008,U1_CH13_ST2,Difference Last Two Digits
U1_CH13_ST2_QP009,U1_CH13_ST2,Missing Exponent
U1_CH13_ST2_QP010,U1_CH13_ST2,Statement Verification
U1_CH13_ST2_QP011,U1_CH13_ST2,Application Problem
U1_CH13_ST2_QP012,U1_CH13_ST2,Error Detection
U1_CH13_ST3_QP001,U1_CH13_ST3,Simple Remainder Problem
U1_CH13_ST3_QP002,U1_CH13_ST3,Remainder of Large Powers
U1_CH13_ST3_QP003,U1_CH13_ST3,Remainder of Product
U1_CH13_ST3_QP004,U1_CH13_ST3,Remainder of Sum
U1_CH13_ST3_QP005,U1_CH13_ST3,Remainder of Difference
U1_CH13_ST3_QP006,U1_CH13_ST3,Remainder of Polynomial
U1_CH13_ST3_QP007,U1_CH13_ST3,Unknown Dividend
U1_CH13_ST3_QP008,U1_CH13_ST3,Unknown Divisor
U1_CH13_ST3_QP009,U1_CH13_ST3,Pattern Recognition
U1_CH13_ST3_QP010,U1_CH13_ST3,Statement Verification
U1_CH13_ST3_QP011,U1_CH13_ST3,Integrated Problem
U1_CH13_ST3_QP012,U1_CH13_ST3,Error Detection
U1_CH13_ST4_QP001,U1_CH13_ST4,Identify Period
U1_CH13_ST4_QP002,U1_CH13_ST4,Find Fundamental Period
U1_CH13_ST4_QP003,U1_CH13_ST4,Pattern Completion
U1_CH13_ST4_QP004,U1_CH13_ST4,Repeated Sequence
U1_CH13_ST4_QP005,U1_CH13_ST4,Cycle Identification
U1_CH13_ST4_QP006,U1_CH13_ST4,Large Index Evaluation
U1_CH13_ST4_QP007,U1_CH13_ST4,Parameter Based Pattern
U1_CH13_ST4_QP008,U1_CH13_ST4,Missing Term
U1_CH13_ST4_QP009,U1_CH13_ST4,Statement Verification
U1_CH13_ST4_QP010,U1_CH13_ST4,Counterexample
U1_CH13_ST4_QP011,U1_CH13_ST4,Application Problem
U1_CH13_ST4_QP012,U1_CH13_ST4,Error Detection
U1_CH13_ST5_QP001,U1_CH13_ST5,Large Exponent Evaluation
U1_CH13_ST5_QP002,U1_CH13_ST5,Modulo Exponent Reduction
U1_CH13_ST5_QP003,U1_CH13_ST5,Units Digit with Huge Exponent
U1_CH13_ST5_QP004,U1_CH13_ST5,Last Two Digits with Huge Exponent
U1_CH13_ST5_QP005,U1_CH13_ST5,Remainder of Huge Power
U1_CH13_ST5_QP006,U1_CH13_ST5,Pattern Based Reduction
U1_CH13_ST5_QP007,U1_CH13_ST5,Exponent Comparison
U1_CH13_ST5_QP008,U1_CH13_ST5,Nested Exponent
U1_CH13_ST5_QP009,U1_CH13_ST5,Integrated Modular Arithmetic
U1_CH13_ST5_QP010,U1_CH13_ST5,Statement Verification
U1_CH13_ST5_QP011,U1_CH13_ST5,Application Problem
U1_CH13_ST5_QP012,U1_CH13_ST5,Error Detection
U1_CH14_ST1_QP001,U1_CH14_ST1,Definition of Positional Number System
U1_CH14_ST1_QP002,U1_CH14_ST1,Identify Base of a Number
U1_CH14_ST1_QP003,U1_CH14_ST1,Valid Digit Identification
U1_CH14_ST1_QP004,U1_CH14_ST1,Invalid Digit Detection
U1_CH14_ST1_QP005,U1_CH14_ST1,Expanded Form Representation
U1_CH14_ST1_QP006,U1_CH14_ST1,Place Value Identification
U1_CH14_ST1_QP007,U1_CH14_ST1,Digit Value Calculation
U1_CH14_ST1_QP008,U1_CH14_ST1,Unknown Base Identification
U1_CH14_ST1_QP009,U1_CH14_ST1,Equivalent Representation
U1_CH14_ST1_QP010,U1_CH14_ST1,Statement Verification
U1_CH14_ST1_QP011,U1_CH14_ST1,Application Problem
U1_CH14_ST1_QP012,U1_CH14_ST1,Error Detection
U1_CH14_ST2_QP001,U1_CH14_ST2,Decimal to Binary Conversion
U1_CH14_ST2_QP002,U1_CH14_ST2,Repeated Division Method
U1_CH14_ST2_QP003,U1_CH14_ST2,Binary Representation of Zero
U1_CH14_ST2_QP004,U1_CH14_ST2,Binary Representation of One
U1_CH14_ST2_QP005,U1_CH14_ST2,Large Decimal Conversion
U1_CH14_ST2_QP006,U1_CH14_ST2,Missing Binary Digit
U1_CH14_ST2_QP007,U1_CH14_ST2,Identify Incorrect Conversion
U1_CH14_ST2_QP008,U1_CH14_ST2,Binary Place Value Verification
U1_CH14_ST2_QP009,U1_CH14_ST2,Statement Verification
U1_CH14_ST2_QP010,U1_CH14_ST2,Application Problem
U1_CH14_ST2_QP011,U1_CH14_ST2,Reverse Reasoning
U1_CH14_ST2_QP012,U1_CH14_ST2,Error Detection
U1_CH14_ST3_QP001,U1_CH14_ST3,Binary to Decimal Conversion
U1_CH14_ST3_QP002,U1_CH14_ST3,Weighted Sum Method
U1_CH14_ST3_QP003,U1_CH14_ST3,Large Binary Conversion
U1_CH14_ST3_QP004,U1_CH14_ST3,Missing Decimal Value
U1_CH14_ST3_QP005,U1_CH14_ST3,Expanded Binary Form
U1_CH14_ST3_QP006,U1_CH14_ST3,Identify Incorrect Conversion
U1_CH14_ST3_QP007,U1_CH14_ST3,Place Value Method
U1_CH14_ST3_QP008,U1_CH14_ST3,Equivalent Binary Numbers
U1_CH14_ST3_QP009,U1_CH14_ST3,Statement Verification
U1_CH14_ST3_QP010,U1_CH14_ST3,Application Problem
U1_CH14_ST3_QP011,U1_CH14_ST3,Reverse Reasoning
U1_CH14_ST3_QP012,U1_CH14_ST3,Error Detection
U1_CH14_ST4_QP001,U1_CH14_ST4,Definition of Octal System
U1_CH14_ST4_QP002,U1_CH14_ST4,Definition of Hexadecimal System
U1_CH14_ST4_QP003,U1_CH14_ST4,Valid Octal Digit
U1_CH14_ST4_QP004,U1_CH14_ST4,Valid Hexadecimal Digit
U1_CH14_ST4_QP005,U1_CH14_ST4,Octal to Decimal Conversion
U1_CH14_ST4_QP006,U1_CH14_ST4,Hexadecimal to Decimal Conversion
U1_CH14_ST4_QP007,U1_CH14_ST4,Binary to Octal Conversion
U1_CH14_ST4_QP008,U1_CH14_ST4,Binary to Hexadecimal Conversion
U1_CH14_ST4_QP009,U1_CH14_ST4,Statement Verification
U1_CH14_ST4_QP010,U1_CH14_ST4,Application Problem
U1_CH14_ST4_QP011,U1_CH14_ST4,Reverse Conversion
U1_CH14_ST4_QP012,U1_CH14_ST4,Error Detection
U1_CH14_ST5_QP001,U1_CH14_ST5,Decimal to Base-n Conversion
U1_CH14_ST5_QP002,U1_CH14_ST5,Base-n to Decimal Conversion
U1_CH14_ST5_QP003,U1_CH14_ST5,Binary to Octal
U1_CH14_ST5_QP004,U1_CH14_ST5,Octal to Binary
U1_CH14_ST5_QP005,U1_CH14_ST5,Binary to Hexadecimal
U1_CH14_ST5_QP006,U1_CH14_ST5,Hexadecimal to Binary
U1_CH14_ST5_QP007,U1_CH14_ST5,Octal to Hexadecimal
U1_CH14_ST5_QP008,U1_CH14_ST5,Hexadecimal to Octal
U1_CH14_ST5_QP009,U1_CH14_ST5,Unknown Base Problem
U1_CH14_ST5_QP010,U1_CH14_ST5,Mixed Base Conversion Chain
U1_CH14_ST5_QP011,U1_CH14_ST5,Statement Verification
U1_CH14_ST5_QP012,U1_CH14_ST5,Error Detection
U1_CH15_ST1_QP001,U1_CH15_ST1,Definition of Indices
U1_CH15_ST1_QP002,U1_CH15_ST1,Product Law of Indices
U1_CH15_ST1_QP003,U1_CH15_ST1,Quotient Law of Indices
U1_CH15_ST1_QP004,U1_CH15_ST1,Power of a Power
U1_CH15_ST1_QP005,U1_CH15_ST1,Power of a Product
U1_CH15_ST1_QP006,U1_CH15_ST1,Power of a Quotient
U1_CH15_ST1_QP007,U1_CH15_ST1,Zero Exponent Rule
U1_CH15_ST1_QP008,U1_CH15_ST1,Negative Exponent Rule
U1_CH15_ST1_QP009,U1_CH15_ST1,Simplify using Laws of Indices
U1_CH15_ST1_QP010,U1_CH15_ST1,Identify Applicable Law
U1_CH15_ST1_QP011,U1_CH15_ST1,Statement Verification
U1_CH15_ST1_QP012,U1_CH15_ST1,Error Detection
U1_CH15_ST2_QP001,U1_CH15_ST2,Definition of Rational Exponents
U1_CH15_ST2_QP002,U1_CH15_ST2,Fractional Exponent Evaluation
U1_CH15_ST2_QP003,U1_CH15_ST2,Convert Radical to Exponent Form
U1_CH15_ST2_QP004,U1_CH15_ST2,Convert Exponent to Radical Form
U1_CH15_ST2_QP005,U1_CH15_ST2,Simplify Rational Exponents
U1_CH15_ST2_QP006,U1_CH15_ST2,Negative Rational Exponents
U1_CH15_ST2_QP007,U1_CH15_ST2,Equivalent Expressions
U1_CH15_ST2_QP008,U1_CH15_ST2,Compare Rational Exponents
U1_CH15_ST2_QP009,U1_CH15_ST2,Parameter Based Evaluation
U1_CH15_ST2_QP010,U1_CH15_ST2,Statement Verification
U1_CH15_ST2_QP011,U1_CH15_ST2,Application Problem
U1_CH15_ST2_QP012,U1_CH15_ST2,Error Detection
U1_CH15_ST3_QP001,U1_CH15_ST3,Simplify Single Surd
U1_CH15_ST3_QP002,U1_CH15_ST3,Simplify Product of Surds
U1_CH15_ST3_QP003,U1_CH15_ST3,Simplify Quotient of Surds
U1_CH15_ST3_QP004,U1_CH15_ST3,Simplify Mixed Surds
U1_CH15_ST3_QP005,U1_CH15_ST3,Like Surd Identification
U1_CH15_ST3_QP006,U1_CH15_ST3,Unlike Surd Identification
U1_CH15_ST3_QP007,U1_CH15_ST3,Addition of Like Surds
U1_CH15_ST3_QP008,U1_CH15_ST3,Subtraction of Like Surds
U1_CH15_ST3_QP009,U1_CH15_ST3,Expression Simplification
U1_CH15_ST3_QP010,U1_CH15_ST3,Statement Verification
U1_CH15_ST3_QP011,U1_CH15_ST3,Application Problem
U1_CH15_ST3_QP012,U1_CH15_ST3,Error Detection
U1_CH15_ST4_QP001,U1_CH15_ST4,Rationalize Monomial Denominator
U1_CH15_ST4_QP002,U1_CH15_ST4,Rationalize Binomial Denominator
U1_CH15_ST4_QP003,U1_CH15_ST4,Identify Conjugate
U1_CH15_ST4_QP004,U1_CH15_ST4,Use of Conjugate
U1_CH15_ST4_QP005,U1_CH15_ST4,Simplify after Rationalization
U1_CH15_ST4_QP006,U1_CH15_ST4,Rationalize Complex Expression
U1_CH15_ST4_QP007,U1_CH15_ST4,Missing Rationalization Step
U1_CH15_ST4_QP008,U1_CH15_ST4,Equivalent Rationalized Forms
U1_CH15_ST4_QP009,U1_CH15_ST4,Parameter Based Rationalization
U1_CH15_ST4_QP010,U1_CH15_ST4,Statement Verification
U1_CH15_ST4_QP011,U1_CH15_ST4,Application Problem
U1_CH15_ST4_QP012,U1_CH15_ST4,Error Detection
U1_CH15_ST5_QP001,U1_CH15_ST5,Simplify Nested Surd
U1_CH15_ST5_QP002,U1_CH15_ST5,Denest Simple Surd
U1_CH15_ST5_QP003,U1_CH15_ST5,Denest Double Nested Surd
U1_CH15_ST5_QP004,U1_CH15_ST5,Nested Surd Identity
U1_CH15_ST5_QP005,U1_CH15_ST5,Parameter Based Nested Surd
U1_CH15_ST5_QP006,U1_CH15_ST5,Equivalent Nested Forms
U1_CH15_ST5_QP007,U1_CH15_ST5,Nested Surd Equation
U1_CH15_ST5_QP008,U1_CH15_ST5,Nested Surd Comparison
U1_CH15_ST5_QP009,U1_CH15_ST5,Multi-step Simplification
U1_CH15_ST5_QP010,U1_CH15_ST5,Statement Verification
U1_CH15_ST5_QP011,U1_CH15_ST5,Application Problem
U1_CH15_ST5_QP012,U1_CH15_ST5,Error Detection
U1_CH16_ST1_QP001,U1_CH16_ST1,Definition of Logarithm
U1_CH16_ST1_QP002,U1_CH16_ST1,Convert Exponential Form to Logarithmic Form
U1_CH16_ST1_QP003,U1_CH16_ST1,Convert Logarithmic Form to Exponential Form
U1_CH16_ST1_QP004,U1_CH16_ST1,Evaluate Basic Logarithm
U1_CH16_ST1_QP005,U1_CH16_ST1,Identify Base of Logarithm
U1_CH16_ST1_QP006,U1_CH16_ST1,Identify Argument of Logarithm
U1_CH16_ST1_QP007,U1_CH16_ST1,Domain of Logarithm
U1_CH16_ST1_QP008,U1_CH16_ST1,Conditions for Existence
U1_CH16_ST1_QP009,U1_CH16_ST1,Special Logarithm Values
U1_CH16_ST1_QP010,U1_CH16_ST1,Statement Verification
U1_CH16_ST1_QP011,U1_CH16_ST1,Application Problem
U1_CH16_ST1_QP012,U1_CH16_ST1,Error Detection
U1_CH16_ST2_QP001,U1_CH16_ST2,Product Rule
U1_CH16_ST2_QP002,U1_CH16_ST2,Quotient Rule
U1_CH16_ST2_QP003,U1_CH16_ST2,Power Rule
U1_CH16_ST2_QP004,U1_CH16_ST2,Expansion of Logarithmic Expression
U1_CH16_ST2_QP005,U1_CH16_ST2,Condensation of Logarithmic Expression
U1_CH16_ST2_QP006,U1_CH16_ST2,Simplify Logarithmic Expression
U1_CH16_ST2_QP007,U1_CH16_ST2,Identify Applicable Law
U1_CH16_ST2_QP008,U1_CH16_ST2,Multiple Law Application
U1_CH16_ST2_QP009,U1_CH16_ST2,Equivalent Expressions
U1_CH16_ST2_QP010,U1_CH16_ST2,Statement Verification
U1_CH16_ST2_QP011,U1_CH16_ST2,Application Problem
U1_CH16_ST2_QP012,U1_CH16_ST2,Error Detection
U1_CH16_ST3_QP001,U1_CH16_ST3,Apply Change of Base Formula
U1_CH16_ST3_QP002,U1_CH16_ST3,Convert to Common Logarithm
U1_CH16_ST3_QP003,U1_CH16_ST3,Convert to Natural Logarithm
U1_CH16_ST3_QP004,U1_CH16_ST3,Simplify using Change of Base
U1_CH16_ST3_QP005,U1_CH16_ST3,Evaluate Logarithm with Arbitrary Base
U1_CH16_ST3_QP006,U1_CH16_ST3,Parameter Based Evaluation
U1_CH16_ST3_QP007,U1_CH16_ST3,Identify Incorrect Transformation
U1_CH16_ST3_QP008,U1_CH16_ST3,Equivalent Base Conversion
U1_CH16_ST3_QP009,U1_CH16_ST3,Statement Verification
U1_CH16_ST3_QP010,U1_CH16_ST3,Integrated Logarithm Problem
U1_CH16_ST3_QP011,U1_CH16_ST3,Application Problem
U1_CH16_ST3_QP012,U1_CH16_ST3,Error Detection
U1_CH16_ST4_QP001,U1_CH16_ST4,Definition of Characteristic
U1_CH16_ST4_QP002,U1_CH16_ST4,Definition of Mantissa
U1_CH16_ST4_QP003,U1_CH16_ST4,Find Characteristic
U1_CH16_ST4_QP004,U1_CH16_ST4,Find Mantissa
U1_CH16_ST4_QP005,U1_CH16_ST4,Characteristic of Numbers Greater than One
U1_CH16_ST4_QP006,U1_CH16_ST4,Characteristic of Decimal Numbers
U1_CH16_ST4_QP007,U1_CH16_ST4,Characteristic of Numbers Less than One
U1_CH16_ST4_QP008,U1_CH16_ST4,Use of Logarithm Tables
U1_CH16_ST4_QP009,U1_CH16_ST4,Statement Verification
U1_CH16_ST4_QP010,U1_CH16_ST4,Application Problem
U1_CH16_ST4_QP011,U1_CH16_ST4,Reverse Identification
U1_CH16_ST4_QP012,U1_CH16_ST4,Error Detection
U1_CH16_ST5_QP001,U1_CH16_ST5,Solve Basic Logarithmic Equation
U1_CH16_ST5_QP002,U1_CH16_ST5,Solve Equation using Log Laws
U1_CH16_ST5_QP003,U1_CH16_ST5,Solve Exponential-Logarithmic Equation
U1_CH16_ST5_QP004,U1_CH16_ST5,Parameter Based Equation
U1_CH16_ST5_QP005,U1_CH16_ST5,Multiple Solution Analysis
U1_CH16_ST5_QP006,U1_CH16_ST5,Extraneous Root Identification
U1_CH16_ST5_QP007,U1_CH16_ST5,Equation with Different Bases
U1_CH16_ST5_QP008,U1_CH16_ST5,Nested Logarithm Equation
U1_CH16_ST5_QP009,U1_CH16_ST5,Statement Verification
U1_CH16_ST5_QP010,U1_CH16_ST5,Integrated Mixed Problem
U1_CH16_ST5_QP011,U1_CH16_ST5,Application Problem
U1_CH16_ST5_QP012,U1_CH16_ST5,Error Detection
U1_CH16_ST6_QP001,U1_CH16_ST6,Solve Basic Logarithmic Inequality
U1_CH16_ST6_QP002,U1_CH16_ST6,Increasing Base Inequality
U1_CH16_ST6_QP003,U1_CH16_ST6,Decreasing Base Inequality
U1_CH16_ST6_QP004,U1_CH16_ST6,Domain Restricted Inequality
U1_CH16_ST6_QP005,U1_CH16_ST6,Interval Solution
U1_CH16_ST6_QP006,U1_CH16_ST6,Graphical Interpretation
U1_CH16_ST6_QP007,U1_CH16_ST6,Parameter Based Inequality
U1_CH16_ST6_QP008,U1_CH16_ST6,Multiple Logarithm Inequality
U1_CH16_ST6_QP009,U1_CH16_ST6,Statement Verification
U1_CH16_ST6_QP010,U1_CH16_ST6,Solution Set Identification
U1_CH16_ST6_QP011,U1_CH16_ST6,Application Problem
U1_CH16_ST6_QP012,U1_CH16_ST6,Error Detection
U1_CH2_ST1_QP001,U1_CH2_ST1,Definition of Rational Number
U1_CH2_ST1_QP002,U1_CH2_ST1,Identify Rational Number
U1_CH2_ST1_QP003,U1_CH2_ST1,Identify Non-Rational Number
U1_CH2_ST1_QP004,U1_CH2_ST1,Representation as p by q Form
U1_CH2_ST1_QP005,U1_CH2_ST1,Condition for Rational Number
U1_CH2_ST1_QP006,U1_CH2_ST1,Denominator Cannot Be Zero
U1_CH2_ST1_QP007,U1_CH2_ST1,Numerator and Denominator Identification
U1_CH2_ST1_QP008,U1_CH2_ST1,Positive Rational Number Identification
U1_CH2_ST1_QP009,U1_CH2_ST1,Negative Rational Number Identification
U1_CH2_ST1_QP010,U1_CH2_ST1,Zero as Rational Number
U1_CH2_ST1_QP011,U1_CH2_ST1,Unit Fraction Identification
U1_CH2_ST1_QP012,U1_CH2_ST1,Proper Rational Number
U1_CH2_ST1_QP013,U1_CH2_ST1,Improper Rational Number
U1_CH2_ST1_QP014,U1_CH2_ST1,Standard Form Verification
U1_CH2_ST1_QP015,U1_CH2_ST1,Conversion to Standard Form
U1_CH2_ST1_QP016,U1_CH2_ST1,Lowest Form Verification
U1_CH2_ST1_QP017,U1_CH2_ST1,Equivalent Representation Recognition
U1_CH2_ST1_QP018,U1_CH2_ST1,Rational Number Classification from Expression
U1_CH2_ST1_QP019,U1_CH2_ST1,Statement Based Classification
U1_CH2_ST1_QP020,U1_CH2_ST1,Error Detection in Rational Form
U1_CH2_ST2_QP001,U1_CH2_ST2,Definition of Equivalent Rational Numbers
U1_CH2_ST2_QP002,U1_CH2_ST2,Identify Equivalent Fractions
U1_CH2_ST2_QP003,U1_CH2_ST2,Generate Equivalent Rational Number
U1_CH2_ST2_QP004,U1_CH2_ST2,Simplification of Rational Numbers
U1_CH2_ST2_QP005,U1_CH2_ST2,Cross Multiplication Verification
U1_CH2_ST2_QP006,U1_CH2_ST2,Missing Numerator
U1_CH2_ST2_QP007,U1_CH2_ST2,Missing Denominator
U1_CH2_ST2_QP008,U1_CH2_ST2,Multiple Equivalent Forms
U1_CH2_ST2_QP009,U1_CH2_ST2,False Equivalence Detection
U1_CH2_ST2_QP010,U1_CH2_ST2,Ordering Using Equivalent Forms
U1_CH2_ST2_QP011,U1_CH2_ST2,Lowest Equivalent Form
U1_CH2_ST2_QP012,U1_CH2_ST2,Ratio Based Equivalence
U1_CH2_ST2_QP013,U1_CH2_ST2,Equivalent Rational Expression
U1_CH2_ST2_QP014,U1_CH2_ST2,Statement Verification
U1_CH2_ST2_QP015,U1_CH2_ST2,Counterexample to Equivalence
U1_CH2_ST3_QP001,U1_CH2_ST3,Addition of Rational Numbers
U1_CH2_ST3_QP002,U1_CH2_ST3,Subtraction of Rational Numbers
U1_CH2_ST3_QP003,U1_CH2_ST3,Multiplication of Rational Numbers
U1_CH2_ST3_QP004,U1_CH2_ST3,Division of Rational Numbers
U1_CH2_ST3_QP005,U1_CH2_ST3,Addition with Same Denominator
U1_CH2_ST3_QP006,U1_CH2_ST3,Addition with Different Denominators
U1_CH2_ST3_QP007,U1_CH2_ST3,Negative Rational Operations
U1_CH2_ST3_QP008,U1_CH2_ST3,Zero Operation Cases
U1_CH2_ST3_QP009,U1_CH2_ST3,Reciprocal Based Division
U1_CH2_ST3_QP010,U1_CH2_ST3,Mixed Operations
U1_CH2_ST3_QP011,U1_CH2_ST3,Operation Order Based Questions
U1_CH2_ST3_QP012,U1_CH2_ST3,Missing Value Problems
U1_CH2_ST3_QP013,U1_CH2_ST3,Simplification After Operation
U1_CH2_ST3_QP014,U1_CH2_ST3,Expression Evaluation
U1_CH2_ST3_QP015,U1_CH2_ST3,Error Detection in Calculation
U1_CH2_ST4_QP001,U1_CH2_ST4,Definition of Density Property
U1_CH2_ST4_QP002,U1_CH2_ST4,Identify Rational Number Between Two Numbers
U1_CH2_ST4_QP003,U1_CH2_ST4,Find One Rational Number Between Two Numbers
U1_CH2_ST4_QP004,U1_CH2_ST4,Find Two Rational Numbers Between Two Numbers
U1_CH2_ST4_QP005,U1_CH2_ST4,Find Multiple Rational Numbers Between Two Numbers
U1_CH2_ST4_QP006,U1_CH2_ST4,Infinite Rational Numbers Between Two Numbers
U1_CH2_ST4_QP007,U1_CH2_ST4,Average Method
U1_CH2_ST4_QP008,U1_CH2_ST4,Scaling Method
U1_CH2_ST4_QP009,U1_CH2_ST4,Ordering using Density Property
U1_CH2_ST4_QP010,U1_CH2_ST4,Statement Verification
U1_CH2_ST4_QP011,U1_CH2_ST4,Counterexample
U1_CH2_ST4_QP012,U1_CH2_ST4,Application of Density Property
U1_CH2_ST5_QP001,U1_CH2_ST5,Fraction to Decimal Conversion
U1_CH2_ST5_QP002,U1_CH2_ST5,Decimal to Fraction Conversion
U1_CH2_ST5_QP003,U1_CH2_ST5,Identify Terminating Decimal
U1_CH2_ST5_QP004,U1_CH2_ST5,Identify Non-Terminating Decimal
U1_CH2_ST5_QP005,U1_CH2_ST5,Identify Recurring Decimal
U1_CH2_ST5_QP006,U1_CH2_ST5,Predict Decimal Nature
U1_CH2_ST5_QP007,U1_CH2_ST5,Decimal Expansion by Long Division
U1_CH2_ST5_QP008,U1_CH2_ST5,Equivalent Decimal Representation
U1_CH2_ST5_QP009,U1_CH2_ST5,Compare Decimal Representations
U1_CH2_ST5_QP010,U1_CH2_ST5,Statement Based Decimal Classification
U1_CH2_ST5_QP011,U1_CH2_ST5,Error Detection
U1_CH2_ST5_QP012,U1_CH2_ST5,Mixed Decimal Reasoning
U1_CH2_ST6_QP001,U1_CH2_ST6,Definition of Recurring Decimal
U1_CH2_ST6_QP002,U1_CH2_ST6,Pure Recurring Decimal
U1_CH2_ST6_QP003,U1_CH2_ST6,Mixed Recurring Decimal
U1_CH2_ST6_QP004,U1_CH2_ST6,Convert Recurring Decimal to Fraction
U1_CH2_ST6_QP005,U1_CH2_ST6,Convert Fraction to Recurring Decimal
U1_CH2_ST6_QP006,U1_CH2_ST6,Identify Repeating Block
U1_CH2_ST6_QP007,U1_CH2_ST6,Equivalent Recurring Decimals
U1_CH2_ST6_QP008,U1_CH2_ST6,Compare Recurring Decimals
U1_CH2_ST6_QP009,U1_CH2_ST6,Ordering of Recurring Decimals
U1_CH2_ST6_QP010,U1_CH2_ST6,Statement Verification
U1_CH2_ST6_QP011,U1_CH2_ST6,Error Detection
U1_CH2_ST6_QP012,U1_CH2_ST6,Application Problems
U1_CH2_ST7_QP001,U1_CH2_ST7,Closure Property
U1_CH2_ST7_QP002,U1_CH2_ST7,Commutative Property
U1_CH2_ST7_QP003,U1_CH2_ST7,Associative Property
U1_CH2_ST7_QP004,U1_CH2_ST7,Distributive Property
U1_CH2_ST7_QP005,U1_CH2_ST7,Additive Identity
U1_CH2_ST7_QP006,U1_CH2_ST7,Multiplicative Identity
U1_CH2_ST7_QP007,U1_CH2_ST7,Additive Inverse
U1_CH2_ST7_QP008,U1_CH2_ST7,Multiplicative Inverse
U1_CH2_ST7_QP009,U1_CH2_ST7,Property Identification
U1_CH2_ST7_QP010,U1_CH2_ST7,Statement Verification
U1_CH2_ST7_QP011,U1_CH2_ST7,Counterexample
U1_CH2_ST7_QP012,U1_CH2_ST7,Mixed Property Application
U1_CH2_ST8_QP001,U1_CH2_ST8,Word Problem involving Rational Numbers
U1_CH2_ST8_QP002,U1_CH2_ST8,Sharing Problems
U1_CH2_ST8_QP003,U1_CH2_ST8,Distance Problems
U1_CH2_ST8_QP004,U1_CH2_ST8,Measurement Problems
U1_CH2_ST8_QP005,U1_CH2_ST8,Time and Work Context
U1_CH2_ST8_QP006,U1_CH2_ST8,Ratio Context
U1_CH2_ST8_QP007,U1_CH2_ST8,Financial Context
U1_CH2_ST8_QP008,U1_CH2_ST8,Temperature Context
U1_CH2_ST8_QP009,U1_CH2_ST8,Multi-step Application
U1_CH2_ST8_QP010,U1_CH2_ST8,Real-life Modelling
U1_CH2_ST8_QP011,U1_CH2_ST8,Statement Based Application
U1_CH2_ST8_QP012,U1_CH2_ST8,Integrated Mixed Concept Problem
U1_CH3_ST1_QP001,U1_CH3_ST1,Definition of Irrational Number
U1_CH3_ST1_QP002,U1_CH3_ST1,Identify Irrational Number
U1_CH3_ST1_QP003,U1_CH3_ST1,Identify Rational Number
U1_CH3_ST1_QP004,U1_CH3_ST1,Classification of Given Number
U1_CH3_ST1_QP005,U1_CH3_ST1,Irrational Number from Expression
U1_CH3_ST1_QP006,U1_CH3_ST1,Square Root Classification
U1_CH3_ST1_QP007,U1_CH3_ST1,Cube Root Classification
U1_CH3_ST1_QP008,U1_CH3_ST1,Perfect Square Recognition
U1_CH3_ST1_QP009,U1_CH3_ST1,Perfect Cube Recognition
U1_CH3_ST1_QP010,U1_CH3_ST1,Equivalent Irrational Expressions
U1_CH3_ST1_QP011,U1_CH3_ST1,Statement Verification
U1_CH3_ST1_QP012,U1_CH3_ST1,Error Detection
U1_CH3_ST2_QP001,U1_CH3_ST2,Identify Non-Terminating Non-Recurring Decimal
U1_CH3_ST2_QP002,U1_CH3_ST2,Identify Recurring Decimal
U1_CH3_ST2_QP003,U1_CH3_ST2,Decimal Classification
U1_CH3_ST2_QP004,U1_CH3_ST2,Expansion Pattern Recognition
U1_CH3_ST2_QP005,U1_CH3_ST2,Terminating vs Non-Terminating Comparison
U1_CH3_ST2_QP006,U1_CH3_ST2,Recurring vs Non-Recurring Comparison
U1_CH3_ST2_QP007,U1_CH3_ST2,Identify Irrational from Decimal Form
U1_CH3_ST2_QP008,U1_CH3_ST2,Statement Verification
U1_CH3_ST2_QP009,U1_CH3_ST2,Error Detection
U1_CH3_ST2_QP010,U1_CH3_ST2,Mixed Decimal Reasoning
U1_CH3_ST3_QP001,U1_CH3_ST3,Addition of Irrationals
U1_CH3_ST3_QP002,U1_CH3_ST3,Subtraction of Irrationals
U1_CH3_ST3_QP003,U1_CH3_ST3,Multiplication of Irrationals
U1_CH3_ST3_QP004,U1_CH3_ST3,Division of Irrationals
U1_CH3_ST3_QP005,U1_CH3_ST3,Rational plus Irrational
U1_CH3_ST3_QP006,U1_CH3_ST3,Rational minus Irrational
U1_CH3_ST3_QP007,U1_CH3_ST3,Rational multiplied by Irrational
U1_CH3_ST3_QP008,U1_CH3_ST3,Rational divided by Irrational
U1_CH3_ST3_QP009,U1_CH3_ST3,Closure Investigation
U1_CH3_ST3_QP010,U1_CH3_ST3,Counterexample
U1_CH3_ST3_QP011,U1_CH3_ST3,Statement Verification
U1_CH3_ST3_QP012,U1_CH3_ST3,Property Identification
U1_CH3_ST4_QP001,U1_CH3_ST4,Simplification of Irrational Expressions
U1_CH3_ST4_QP002,U1_CH3_ST4,Addition of Unlike Surds
U1_CH3_ST4_QP003,U1_CH3_ST4,Addition of Like Surds
U1_CH3_ST4_QP004,U1_CH3_ST4,Subtraction of Surds
U1_CH3_ST4_QP005,U1_CH3_ST4,Multiplication of Surds
U1_CH3_ST4_QP006,U1_CH3_ST4,Division of Surds
U1_CH3_ST4_QP007,U1_CH3_ST4,Expansion of Irrational Expressions
U1_CH3_ST4_QP008,U1_CH3_ST4,Factorization involving Surds
U1_CH3_ST4_QP009,U1_CH3_ST4,Mixed Rational-Irrational Operations
U1_CH3_ST4_QP010,U1_CH3_ST4,Expression Evaluation
U1_CH3_ST4_QP011,U1_CH3_ST4,Error Detection
U1_CH3_ST4_QP012,U1_CH3_ST4,Multi-step Simplification
U1_CH3_ST5_QP001,U1_CH3_ST5,Definition of Rationalization
U1_CH3_ST5_QP002,U1_CH3_ST5,Rationalize Simple Denominator
U1_CH3_ST5_QP003,U1_CH3_ST5,Rationalize Binomial Denominator
U1_CH3_ST5_QP004,U1_CH3_ST5,Conjugate Identification
U1_CH3_ST5_QP005,U1_CH3_ST5,Use of Conjugate
U1_CH3_ST5_QP006,U1_CH3_ST5,Simplify after Rationalization
U1_CH3_ST5_QP007,U1_CH3_ST5,Equivalent Rationalized Forms
U1_CH3_ST5_QP008,U1_CH3_ST5,Missing Step Identification
U1_CH3_ST5_QP009,U1_CH3_ST5,Statement Verification
U1_CH3_ST5_QP010,U1_CH3_ST5,Error Detection
U1_CH3_ST5_QP011,U1_CH3_ST5,Multi-step Rationalization
U1_CH3_ST5_QP012,U1_CH3_ST5,Application of Rationalization
U1_CH4_ST1_QP001,U1_CH4_ST1,Definition of Real Numbers
U1_CH4_ST1_QP002,U1_CH4_ST1,Identify Real Number
U1_CH4_ST1_QP003,U1_CH4_ST1,Identify Non-Real Number
U1_CH4_ST1_QP004,U1_CH4_ST1,Classification into Rational or Irrational
U1_CH4_ST1_QP005,U1_CH4_ST1,Classification of Mixed Numbers
U1_CH4_ST1_QP006,U1_CH4_ST1,Subset Identification
U1_CH4_ST1_QP007,U1_CH4_ST1,Smallest Applicable Number Set
U1_CH4_ST1_QP008,U1_CH4_ST1,Hierarchy of Real Number System
U1_CH4_ST1_QP009,U1_CH4_ST1,Membership Verification
U1_CH4_ST1_QP010,U1_CH4_ST1,Statement Verification
U1_CH4_ST1_QP011,U1_CH4_ST1,Counterexample
U1_CH4_ST1_QP012,U1_CH4_ST1,Error Detection
U1_CH4_ST2_QP001,U1_CH4_ST2,Definition of Density Property
U1_CH4_ST2_QP002,U1_CH4_ST2,One Real Number Between Two Numbers
U1_CH4_ST2_QP003,U1_CH4_ST2,Multiple Real Numbers Between Two Numbers
U1_CH4_ST2_QP004,U1_CH4_ST2,Infinite Real Numbers Between Two Numbers
U1_CH4_ST2_QP005,U1_CH4_ST2,Rational Between Two Irrationals
U1_CH4_ST2_QP006,U1_CH4_ST2,Irrational Between Two Rationals
U1_CH4_ST2_QP007,U1_CH4_ST2,Irrational Between Two Irrationals
U1_CH4_ST2_QP008,U1_CH4_ST2,Rational Between Two Reals
U1_CH4_ST2_QP009,U1_CH4_ST2,Ordering using Density Property
U1_CH4_ST2_QP010,U1_CH4_ST2,Average Method
U1_CH4_ST2_QP011,U1_CH4_ST2,Statement Verification
U1_CH4_ST2_QP012,U1_CH4_ST2,Application Problems
U1_CH4_ST3_QP001,U1_CH4_ST3,Locate Real Number
U1_CH4_ST3_QP002,U1_CH4_ST3,Locate Irrational Number
U1_CH4_ST3_QP003,U1_CH4_ST3,Approximate Location
U1_CH4_ST3_QP004,U1_CH4_ST3,Identify Point from Diagram
U1_CH4_ST3_QP005,U1_CH4_ST3,Missing Point Identification
U1_CH4_ST3_QP006,U1_CH4_ST3,Distance Interpretation
U1_CH4_ST3_QP007,U1_CH4_ST3,Comparison using Number Line
U1_CH4_ST3_QP008,U1_CH4_ST3,Ordering using Number Line
U1_CH4_ST3_QP009,U1_CH4_ST3,Nearest Integer Representation
U1_CH4_ST3_QP010,U1_CH4_ST3,Statement Verification
U1_CH4_ST3_QP011,U1_CH4_ST3,Error Detection
U1_CH4_ST3_QP012,U1_CH4_ST3,Application Based Interpretation
U1_CH4_ST4_QP001,U1_CH4_ST4,Open Interval Identification
U1_CH4_ST4_QP002,U1_CH4_ST4,Closed Interval Identification
U1_CH4_ST4_QP003,U1_CH4_ST4,Half Open Interval Identification
U1_CH4_ST4_QP004,U1_CH4_ST4,Interval Notation Conversion
U1_CH4_ST4_QP005,U1_CH4_ST4,Set Builder to Interval Form
U1_CH4_ST4_QP006,U1_CH4_ST4,Interval to Set Builder Form
U1_CH4_ST4_QP007,U1_CH4_ST4,Membership of Interval
U1_CH4_ST4_QP008,U1_CH4_ST4,Union of Intervals
U1_CH4_ST4_QP009,U1_CH4_ST4,Intersection of Intervals
U1_CH4_ST4_QP010,U1_CH4_ST4,Complement of Interval
U1_CH4_ST4_QP011,U1_CH4_ST4,Graphical Representation
U1_CH4_ST4_QP012,U1_CH4_ST4,Statement Verification
U1_CH4_ST5_QP001,U1_CH4_ST5,Compare Two Real Numbers
U1_CH4_ST5_QP002,U1_CH4_ST5,Ascending Order
U1_CH4_ST5_QP003,U1_CH4_ST5,Descending Order
U1_CH4_ST5_QP004,U1_CH4_ST5,Largest Real Number
U1_CH4_ST5_QP005,U1_CH4_ST5,Smallest Real Number
U1_CH4_ST5_QP006,U1_CH4_ST5,Compare Irrational Numbers
U1_CH4_ST5_QP007,U1_CH4_ST5,Compare Rational and Irrational Numbers
U1_CH4_ST5_QP008,U1_CH4_ST5,Ordering after Simplification
U1_CH4_ST5_QP009,U1_CH4_ST5,Ordering using Decimal Approximation
U1_CH4_ST5_QP010,U1_CH4_ST5,Ordering using Squares
U1_CH4_ST5_QP011,U1_CH4_ST5,Statement Verification
U1_CH4_ST5_QP012,U1_CH4_ST5,Error Detection
U1_CH5_ST1_QP001,U1_CH5_ST1,Compare Two Numbers
U1_CH5_ST1_QP002,U1_CH5_ST1,Greater Than Identification
U1_CH5_ST1_QP003,U1_CH5_ST1,Less Than Identification
U1_CH5_ST1_QP004,U1_CH5_ST1,Equal Number Identification
U1_CH5_ST1_QP005,U1_CH5_ST1,Compare Rational Numbers
U1_CH5_ST1_QP006,U1_CH5_ST1,Compare Irrational Numbers
U1_CH5_ST1_QP007,U1_CH5_ST1,Compare Mixed Real Numbers
U1_CH5_ST1_QP008,U1_CH5_ST1,Comparison after Simplification
U1_CH5_ST1_QP009,U1_CH5_ST1,Comparison using Decimal Approximation
U1_CH5_ST1_QP010,U1_CH5_ST1,Statement Verification
U1_CH5_ST1_QP011,U1_CH5_ST1,Counterexample
U1_CH5_ST1_QP012,U1_CH5_ST1,Error Detection
U1_CH5_ST2_QP001,U1_CH5_ST2,Arrange in Ascending Order
U1_CH5_ST2_QP002,U1_CH5_ST2,Arrange in Descending Order
U1_CH5_ST2_QP003,U1_CH5_ST2,Insert Missing Number
U1_CH5_ST2_QP004,U1_CH5_ST2,Identify Incorrect Order
U1_CH5_ST2_QP005,U1_CH5_ST2,Largest Number
U1_CH5_ST2_QP006,U1_CH5_ST2,Smallest Number
U1_CH5_ST2_QP007,U1_CH5_ST2,Second Largest Number
U1_CH5_ST2_QP008,U1_CH5_ST2,Second Smallest Number
U1_CH5_ST2_QP009,U1_CH5_ST2,Ordering after Operation
U1_CH5_ST2_QP010,U1_CH5_ST2,Ordering Mixed Number Types
U1_CH5_ST2_QP011,U1_CH5_ST2,Statement Verification
U1_CH5_ST2_QP012,U1_CH5_ST2,Error Detection
U1_CH5_ST3_QP001,U1_CH5_ST3,Distance Between Two Numbers
U1_CH5_ST3_QP002,U1_CH5_ST3,Distance from Origin
U1_CH5_ST3_QP003,U1_CH5_ST3,Equal Distance Points
U1_CH5_ST3_QP004,U1_CH5_ST3,Nearest Number
U1_CH5_ST3_QP005,U1_CH5_ST3,Farthest Number
U1_CH5_ST3_QP006,U1_CH5_ST3,Distance Comparison
U1_CH5_ST3_QP007,U1_CH5_ST3,Unknown Point using Distance
U1_CH5_ST3_QP008,U1_CH5_ST3,Midpoint Identification
U1_CH5_ST3_QP009,U1_CH5_ST3,Statement Verification
U1_CH5_ST3_QP010,U1_CH5_ST3,Error Detection
U1_CH5_ST3_QP011,U1_CH5_ST3,Application Problem
U1_CH5_ST3_QP012,U1_CH5_ST3,Multi-step Distance Reasoning
U1_CH5_ST4_QP001,U1_CH5_ST4,Identify Position on Number Line
U1_CH5_ST4_QP002,U1_CH5_ST4,Position Relative to Origin
U1_CH5_ST4_QP003,U1_CH5_ST4,Positive Position Identification
U1_CH5_ST4_QP004,U1_CH5_ST4,Negative Position Identification
U1_CH5_ST4_QP005,U1_CH5_ST4,Position after Translation
U1_CH5_ST4_QP006,U1_CH5_ST4,Locate Missing Point
U1_CH5_ST4_QP007,U1_CH5_ST4,Ordering by Position
U1_CH5_ST4_QP008,U1_CH5_ST4,Mirror Position
U1_CH5_ST4_QP009,U1_CH5_ST4,Statement Verification
U1_CH5_ST4_QP010,U1_CH5_ST4,Error Detection
U1_CH5_ST4_QP011,U1_CH5_ST4,Application Problem
U1_CH5_ST4_QP012,U1_CH5_ST4,Multi-step Position Reasoning
U1_CH5_ST5_QP001,U1_CH5_ST5,Represent Inequality on Number Line
U1_CH5_ST5_QP002,U1_CH5_ST5,Read Inequality from Number Line
U1_CH5_ST5_QP003,U1_CH5_ST5,Open Interval Inequality
U1_CH5_ST5_QP004,U1_CH5_ST5,Closed Interval Inequality
U1_CH5_ST5_QP005,U1_CH5_ST5,Compound Inequality
U1_CH5_ST5_QP006,U1_CH5_ST5,Union of Inequalities
U1_CH5_ST5_QP007,U1_CH5_ST5,Intersection of Inequalities
U1_CH5_ST5_QP008,U1_CH5_ST5,Find Solution Set
U1_CH5_ST5_QP009,U1_CH5_ST5,Find Value Satisfying Inequality
U1_CH5_ST5_QP010,U1_CH5_ST5,Statement Verification
U1_CH5_ST5_QP011,U1_CH5_ST5,Graph Interpretation
U1_CH5_ST5_QP012,U1_CH5_ST5,Error Detection
U1_CH6_ST1_QP001,U1_CH6_ST1,Definition of Modulus
U1_CH6_ST1_QP002,U1_CH6_ST1,Evaluate Modulus of Positive Number
U1_CH6_ST1_QP003,U1_CH6_ST1,Evaluate Modulus of Negative Number
U1_CH6_ST1_QP004,U1_CH6_ST1,Evaluate Modulus of Zero
U1_CH6_ST1_QP005,U1_CH6_ST1,Identify Number from Modulus Value
U1_CH6_ST1_QP006,U1_CH6_ST1,Modulus of Algebraic Expression
U1_CH6_ST1_QP007,U1_CH6_ST1,Piecewise Definition Recognition
U1_CH6_ST1_QP008,U1_CH6_ST1,Statement Verification
U1_CH6_ST1_QP009,U1_CH6_ST1,Graphical Interpretation
U1_CH6_ST1_QP010,U1_CH6_ST1,Error Detection
U1_CH6_ST1_QP011,U1_CH6_ST1,Identify Sign from Modulus
U1_CH6_ST1_QP012,U1_CH6_ST1,Simplify Basic Modulus Expression
U1_CH6_ST2_QP001,U1_CH6_ST2,Addition Property
U1_CH6_ST2_QP002,U1_CH6_ST2,Multiplication Property
U1_CH6_ST2_QP003,U1_CH6_ST2,Division Property
U1_CH6_ST2_QP004,U1_CH6_ST2,Triangle Inequality
U1_CH6_ST2_QP005,U1_CH6_ST2,Reverse Triangle Inequality
U1_CH6_ST2_QP006,U1_CH6_ST2,Equality Conditions
U1_CH6_ST2_QP007,U1_CH6_ST2,Property Identification
U1_CH6_ST2_QP008,U1_CH6_ST2,Counterexample
U1_CH6_ST2_QP009,U1_CH6_ST2,Statement Verification
U1_CH6_ST2_QP010,U1_CH6_ST2,Simplification using Properties
U1_CH6_ST2_QP011,U1_CH6_ST2,Mixed Property Application
U1_CH6_ST2_QP012,U1_CH6_ST2,Error Detection
U1_CH6_ST3_QP001,U1_CH6_ST3,Distance from Origin
U1_CH6_ST3_QP002,U1_CH6_ST3,Distance Between Two Numbers
U1_CH6_ST3_QP003,U1_CH6_ST3,Equal Distance Points
U1_CH6_ST3_QP004,U1_CH6_ST3,Unknown Point from Distance
U1_CH6_ST3_QP005,U1_CH6_ST3,Nearest Point
U1_CH6_ST3_QP006,U1_CH6_ST3,Farthest Point
U1_CH6_ST3_QP007,U1_CH6_ST3,Distance Comparison
U1_CH6_ST3_QP008,U1_CH6_ST3,Midpoint using Distance
U1_CH6_ST3_QP009,U1_CH6_ST3,Number Line Interpretation
U1_CH6_ST3_QP010,U1_CH6_ST3,Application Problem
U1_CH6_ST3_QP011,U1_CH6_ST3,Statement Verification
U1_CH6_ST3_QP012,U1_CH6_ST3,Error Detection
U1_CH6_ST4_QP001,U1_CH6_ST4,Solve Simple Modulus Equation
U1_CH6_ST4_QP002,U1_CH6_ST4,Solve Linear Modulus Equation
U1_CH6_ST4_QP003,U1_CH6_ST4,Multiple Solution Cases
U1_CH6_ST4_QP004,U1_CH6_ST4,No Solution Cases
U1_CH6_ST4_QP005,U1_CH6_ST4,Nested Modulus Equation
U1_CH6_ST4_QP006,U1_CH6_ST4,Equation with Parameters
U1_CH6_ST4_QP007,U1_CH6_ST4,Identify Valid Solution
U1_CH6_ST4_QP008,U1_CH6_ST4,Reject Invalid Solution
U1_CH6_ST4_QP009,U1_CH6_ST4,Graphical Solution
U1_CH6_ST4_QP010,U1_CH6_ST4,Statement Verification
U1_CH6_ST4_QP011,U1_CH6_ST4,Application Problem
U1_CH6_ST4_QP012,U1_CH6_ST4,Error Detection
U1_CH6_ST5_QP001,U1_CH6_ST5,Solve Simple Modulus Inequality
U1_CH6_ST5_QP002,U1_CH6_ST5,Solve Linear Modulus Inequality
U1_CH6_ST5_QP003,U1_CH6_ST5,Less Than Type
U1_CH6_ST5_QP004,U1_CH6_ST5,Greater Than Type
U1_CH6_ST5_QP005,U1_CH6_ST5,Compound Modulus Inequality
U1_CH6_ST5_QP006,U1_CH6_ST5,Solution Set on Number Line
U1_CH6_ST5_QP007,U1_CH6_ST5,Interval Representation
U1_CH6_ST5_QP008,U1_CH6_ST5,Parameter Based Inequality
U1_CH6_ST5_QP009,U1_CH6_ST5,Statement Verification
U1_CH6_ST5_QP010,U1_CH6_ST5,Graph Interpretation
U1_CH6_ST5_QP011,U1_CH6_ST5,Application Problem
U1_CH6_ST5_QP012,U1_CH6_ST5,Error Detection
U1_CH7_ST1_QP001,U1_CH7_ST1,Definition of Terminating Decimal
U1_CH7_ST1_QP002,U1_CH7_ST1,Identify Terminating Decimal
U1_CH7_ST1_QP003,U1_CH7_ST1,Fraction Producing Terminating Decimal
U1_CH7_ST1_QP004,U1_CH7_ST1,Predict if Decimal Terminates
U1_CH7_ST1_QP005,U1_CH7_ST1,Count Decimal Places
U1_CH7_ST1_QP006,U1_CH7_ST1,Convert Fraction to Terminating Decimal
U1_CH7_ST1_QP007,U1_CH7_ST1,Convert Decimal to Fraction
U1_CH7_ST1_QP008,U1_CH7_ST1,Equivalent Decimal Representation
U1_CH7_ST1_QP009,U1_CH7_ST1,Compare Terminating Decimals
U1_CH7_ST1_QP010,U1_CH7_ST1,Ordering Terminating Decimals
U1_CH7_ST1_QP011,U1_CH7_ST1,Statement Verification
U1_CH7_ST1_QP012,U1_CH7_ST1,Error Detection
U1_CH7_ST2_QP001,U1_CH7_ST2,Definition of Recurring Decimal
U1_CH7_ST2_QP002,U1_CH7_ST2,Identify Pure Recurring Decimal
U1_CH7_ST2_QP003,U1_CH7_ST2,Identify Mixed Recurring Decimal
U1_CH7_ST2_QP004,U1_CH7_ST2,Convert Recurring Decimal to Fraction
U1_CH7_ST2_QP005,U1_CH7_ST2,Convert Fraction to Recurring Decimal
U1_CH7_ST2_QP006,U1_CH7_ST2,Identify Repeating Block
U1_CH7_ST2_QP007,U1_CH7_ST2,Equivalent Recurring Representation
U1_CH7_ST2_QP008,U1_CH7_ST2,Compare Recurring Decimals
U1_CH7_ST2_QP009,U1_CH7_ST2,Ordering Recurring Decimals
U1_CH7_ST2_QP010,U1_CH7_ST2,Statement Verification
U1_CH7_ST2_QP011,U1_CH7_ST2,Application Problems
U1_CH7_ST2_QP012,U1_CH7_ST2,Error Detection
U1_CH7_ST3_QP001,U1_CH7_ST3,Definition of Non-recurring Decimal
U1_CH7_ST3_QP002,U1_CH7_ST3,Identify Non-recurring Decimal
U1_CH7_ST3_QP003,U1_CH7_ST3,Classify Decimal Type
U1_CH7_ST3_QP004,U1_CH7_ST3,Rational vs Irrational from Decimal Form
U1_CH7_ST3_QP005,U1_CH7_ST3,Pattern Recognition
U1_CH7_ST3_QP006,U1_CH7_ST3,Compare Non-recurring Decimals
U1_CH7_ST3_QP007,U1_CH7_ST3,Ordering Non-recurring Decimals
U1_CH7_ST3_QP008,U1_CH7_ST3,Approximation Questions
U1_CH7_ST3_QP009,U1_CH7_ST3,Statement Verification
U1_CH7_ST3_QP010,U1_CH7_ST3,Error Detection
U1_CH7_ST4_QP001,U1_CH7_ST4,Simple Fraction Conversion
U1_CH7_ST4_QP002,U1_CH7_ST4,Improper Fraction Conversion
U1_CH7_ST4_QP003,U1_CH7_ST4,Mixed Fraction Conversion
U1_CH7_ST4_QP004,U1_CH7_ST4,Long Division Method
U1_CH7_ST4_QP005,U1_CH7_ST4,Determine Decimal Type Before Conversion
U1_CH7_ST4_QP006,U1_CH7_ST4,Equivalent Fraction Conversion
U1_CH7_ST4_QP007,U1_CH7_ST4,Reverse Conversion
U1_CH7_ST4_QP008,U1_CH7_ST4,Statement Verification
U1_CH7_ST4_QP009,U1_CH7_ST4,Application Problem
U1_CH7_ST4_QP010,U1_CH7_ST4,Error Detection
U1_CH7_ST5_QP001,U1_CH7_ST5,Comparison of Decimals
U1_CH7_ST5_QP002,U1_CH7_ST5,Ordering of Decimals
U1_CH7_ST5_QP003,U1_CH7_ST5,Equivalent Decimal Forms
U1_CH7_ST5_QP004,U1_CH7_ST5,Rounding Off
U1_CH7_ST5_QP005,U1_CH7_ST5,Truncation
U1_CH7_ST5_QP006,U1_CH7_ST5,Place Value in Decimals
U1_CH7_ST5_QP007,U1_CH7_ST5,Digit Identification
U1_CH7_ST5_QP008,U1_CH7_ST5,Statement Verification
U1_CH7_ST5_QP009,U1_CH7_ST5,Application Problems
U1_CH7_ST5_QP010,U1_CH7_ST5,Error Detection
U1_CH7_ST5_QP011,U1_CH7_ST5,Mixed Decimal Reasoning
U1_CH7_ST5_QP012,U1_CH7_ST5,Integrated Decimal Concepts
U1_CH8_ST1_QP001,U1_CH8_ST1,Definition of Prime Factorization
U1_CH8_ST1_QP002,U1_CH8_ST1,Prime Factorization of a Number
U1_CH8_ST1_QP003,U1_CH8_ST1,Repeated Prime Factorization
U1_CH8_ST1_QP004,U1_CH8_ST1,Prime Exponent Representation
U1_CH8_ST1_QP005,U1_CH8_ST1,Identify Missing Prime Factor
U1_CH8_ST1_QP006,U1_CH8_ST1,Identify Incorrect Prime Factorization
U1_CH8_ST1_QP007,U1_CH8_ST1,HCF using Prime Factorization
U1_CH8_ST1_QP008,U1_CH8_ST1,LCM using Prime Factorization
U1_CH8_ST1_QP009,U1_CH8_ST1,Common Prime Factors
U1_CH8_ST1_QP010,U1_CH8_ST1,Unique Prime Factors
U1_CH8_ST1_QP011,U1_CH8_ST1,Statement Verification
U1_CH8_ST1_QP012,U1_CH8_ST1,Error Detection
U1_CH8_ST2_QP001,U1_CH8_ST2,HCF by Division Method
U1_CH8_ST2_QP002,U1_CH8_ST2,Repeated Division Method
U1_CH8_ST2_QP003,U1_CH8_ST2,LCM by Division Method
U1_CH8_ST2_QP004,U1_CH8_ST2,Missing Quotient
U1_CH8_ST2_QP005,U1_CH8_ST2,Missing Divisor
U1_CH8_ST2_QP006,U1_CH8_ST2,Missing Remainder
U1_CH8_ST2_QP007,U1_CH8_ST2,Identify Incorrect Division Step
U1_CH8_ST2_QP008,U1_CH8_ST2,Multi-number Division Method
U1_CH8_ST2_QP009,U1_CH8_ST2,Statement Verification
U1_CH8_ST2_QP010,U1_CH8_ST2,Application Problem
U1_CH8_ST2_QP011,U1_CH8_ST2,Comparison with Prime Factorization
U1_CH8_ST2_QP012,U1_CH8_ST2,Error Detection
U1_CH8_ST3_QP001,U1_CH8_ST3,Fundamental Relation
U1_CH8_ST3_QP002,U1_CH8_ST3,Find HCF from LCM
U1_CH8_ST3_QP003,U1_CH8_ST3,Find LCM from HCF
U1_CH8_ST3_QP004,U1_CH8_ST3,Find Missing Number
U1_CH8_ST3_QP005,U1_CH8_ST3,Verify Product Relation
U1_CH8_ST3_QP006,U1_CH8_ST3,Coprime Special Case
U1_CH8_ST3_QP007,U1_CH8_ST3,Multiples Relationship
U1_CH8_ST3_QP008,U1_CH8_ST3,Prime Factor Relationship
U1_CH8_ST3_QP009,U1_CH8_ST3,Statement Verification
U1_CH8_ST3_QP010,U1_CH8_ST3,Counterexample
U1_CH8_ST3_QP011,U1_CH8_ST3,Application Problem
U1_CH8_ST3_QP012,U1_CH8_ST3,Error Detection
U1_CH8_ST4_QP001,U1_CH8_ST4,Grouping Problems
U1_CH8_ST4_QP002,U1_CH8_ST4,Packing Problems
U1_CH8_ST4_QP003,U1_CH8_ST4,Distribution Problems
U1_CH8_ST4_QP004,U1_CH8_ST4,Scheduling Problems
U1_CH8_ST4_QP005,U1_CH8_ST4,Synchronization Problems
U1_CH8_ST4_QP006,U1_CH8_ST4,Repeated Event Problems
U1_CH8_ST4_QP007,U1_CH8_ST4,Word Problem using HCF
U1_CH8_ST4_QP008,U1_CH8_ST4,Word Problem using LCM
U1_CH8_ST4_QP009,U1_CH8_ST4,Identify Appropriate Method
U1_CH8_ST4_QP010,U1_CH8_ST4,Statement Verification
U1_CH8_ST4_QP011,U1_CH8_ST4,Integrated Application
U1_CH8_ST4_QP012,U1_CH8_ST4,Error Detection
U1_CH8_ST5_QP001,U1_CH8_ST5,HCF of Three Numbers
U1_CH8_ST5_QP002,U1_CH8_ST5,LCM of Three Numbers
U1_CH8_ST5_QP003,U1_CH8_ST5,HCF of Multiple Numbers
U1_CH8_ST5_QP004,U1_CH8_ST5,LCM of Multiple Numbers
U1_CH8_ST5_QP005,U1_CH8_ST5,Missing Number Problems
U1_CH8_ST5_QP006,U1_CH8_ST5,Prime Factor Method for Multiple Numbers
U1_CH8_ST5_QP007,U1_CH8_ST5,Division Method for Multiple Numbers
U1_CH8_ST5_QP008,U1_CH8_ST5,Comparison of Methods
U1_CH8_ST5_QP009,U1_CH8_ST5,Optimization Problem
U1_CH8_ST5_QP010,U1_CH8_ST5,Statement Verification
U1_CH8_ST5_QP011,U1_CH8_ST5,Integrated Mixed Problem
U1_CH8_ST5_QP012,U1_CH8_ST5,Error Detection
U1_CH9_ST1_QP001,U1_CH9_ST1,Definition of Euclid Division Lemma
U1_CH9_ST1_QP002,U1_CH9_ST1,Identify Dividend
U1_CH9_ST1_QP003,U1_CH9_ST1,Identify Divisor
U1_CH9_ST1_QP004,U1_CH9_ST1,Identify Quotient
U1_CH9_ST1_QP005,U1_CH9_ST1,Identify Remainder
U1_CH9_ST1_QP006,U1_CH9_ST1,Verify Euclid Identity
U1_CH9_ST1_QP007,U1_CH9_ST1,Find Missing Dividend
U1_CH9_ST1_QP008,U1_CH9_ST1,Find Missing Divisor
U1_CH9_ST1_QP009,U1_CH9_ST1,Find Missing Quotient
U1_CH9_ST1_QP010,U1_CH9_ST1,Find Missing Remainder
U1_CH9_ST1_QP011,U1_CH9_ST1,Maximum Possible Remainder
U1_CH9_ST1_QP012,U1_CH9_ST1,Minimum Possible Remainder
U1_CH9_ST1_QP013,U1_CH9_ST1,Remainder Constraints
U1_CH9_ST1_QP014,U1_CH9_ST1,Statement Verification
U1_CH9_ST1_QP015,U1_CH9_ST1,Counterexample
U1_CH9_ST1_QP016,U1_CH9_ST1,Error Detection
U1_CH9_ST2_QP001,U1_CH9_ST2,Definition of Euclidean Algorithm
U1_CH9_ST2_QP002,U1_CH9_ST2,Single Iteration of Algorithm
U1_CH9_ST2_QP003,U1_CH9_ST2,Complete Euclidean Algorithm
U1_CH9_ST2_QP004,U1_CH9_ST2,Next Division Step
U1_CH9_ST2_QP005,U1_CH9_ST2,Identify Final Non-zero Remainder
U1_CH9_ST2_QP006,U1_CH9_ST2,Missing Algorithm Step
U1_CH9_ST2_QP007,U1_CH9_ST2,Reverse Euclidean Algorithm
U1_CH9_ST2_QP008,U1_CH9_ST2,Algorithm Termination
U1_CH9_ST2_QP009,U1_CH9_ST2,Iteration Count
U1_CH9_ST2_QP010,U1_CH9_ST2,Large Number Application
U1_CH9_ST2_QP011,U1_CH9_ST2,Statement Verification
U1_CH9_ST2_QP012,U1_CH9_ST2,Error Detection
U1_CH9_ST3_QP001,U1_CH9_ST3,Find HCF using Euclidean Algorithm
U1_CH9_ST3_QP002,U1_CH9_ST3,Verify HCF Result
U1_CH9_ST3_QP003,U1_CH9_ST3,Find Missing Number
U1_CH9_ST3_QP004,U1_CH9_ST3,HCF of Consecutive Numbers
U1_CH9_ST3_QP005,U1_CH9_ST3,HCF of Co-prime Numbers
U1_CH9_ST3_QP006,U1_CH9_ST3,HCF of Multiples
U1_CH9_ST3_QP007,U1_CH9_ST3,HCF after Prime Factor Analysis
U1_CH9_ST3_QP008,U1_CH9_ST3,Compare with Prime Factorization Method
U1_CH9_ST3_QP009,U1_CH9_ST3,Multiple Pair HCF
U1_CH9_ST3_QP010,U1_CH9_ST3,Statement Verification
U1_CH9_ST3_QP011,U1_CH9_ST3,Application Problem
U1_CH9_ST3_QP012,U1_CH9_ST3,Error Detection
U1_CH9_ST4_QP001,U1_CH9_ST4,Word Problem using Euclidean Algorithm
U1_CH9_ST4_QP002,U1_CH9_ST4,Repeated Division Scenario
U1_CH9_ST4_QP003,U1_CH9_ST4,Grouping Problem
U1_CH9_ST4_QP004,U1_CH9_ST4,Packing Problem
U1_CH9_ST4_QP005,U1_CH9_ST4,Arrangement Problem
U1_CH9_ST4_QP006,U1_CH9_ST4,Synchronization Problem
U1_CH9_ST4_QP007,U1_CH9_ST4,Find Largest Possible Unit
U1_CH9_ST4_QP008,U1_CH9_ST4,Optimization Problem
U1_CH9_ST4_QP009,U1_CH9_ST4,Multi-step Real-life Application
U1_CH9_ST4_QP010,U1_CH9_ST4,Identify Appropriate Method
U1_CH9_ST4_QP011,U1_CH9_ST4,Statement Verification
U1_CH9_ST4_QP012,U1_CH9_ST4,Error Detection
