id,chapter_id,code,subtopic_name,display_order,created_at,is_test_enabled
a2b8ccd6-efb6-418c-8b39-9b8f1fdc07c2,bfd726b7-2e78-4786-9c33-8ebc1300a34d,C1_CH1_ST1,Atomic Mass,1,2026-06-20 14:59:21.130436+00,TRUE
95397163-f22d-4787-9701-248a5238c599,bfd726b7-2e78-4786-9c33-8ebc1300a34d,C1_CH1_ST2,Mole Concept,2,2026-06-20 14:59:21.130436+00,TRUE
b6f89a64-b474-476b-b1c0-f7dc570ff420,bfd726b7-2e78-4786-9c33-8ebc1300a34d,C1_CH1_ST3,Avogadro Number,3,2026-06-20 14:59:21.130436+00,TRUE
3884800f-033a-42e1-9a5f-7310695466e0,bfd726b7-2e78-4786-9c33-8ebc1300a34d,C1_CH1_ST4,Percentage Composition,4,2026-06-20 14:59:21.130436+00,TRUE
f228f34b-30d9-42ed-ae93-52cdddf606b5,bfd726b7-2e78-4786-9c33-8ebc1300a34d,C1_CH1_ST5,Empirical Formula,5,2026-06-20 14:59:21.130436+00,TRUE
e38737dc-b38e-4621-bad3-569c1ff1536c,bfd726b7-2e78-4786-9c33-8ebc1300a34d,C1_CH1_ST6,Molecular Formula,6,2026-06-20 14:59:21.130436+00,TRUE
4b605257-b697-48fa-baf2-5912a7b9dbb4,bfd726b7-2e78-4786-9c33-8ebc1300a34d,C1_CH1_ST7,Stoichiometry,7,2026-06-20 14:59:21.130436+00,TRUE
612a6d39-4aa1-4887-ba32-cbbda804cf8f,bfd726b7-2e78-4786-9c33-8ebc1300a34d,C1_CH1_ST8,Limiting Reagent,8,2026-06-20 14:59:21.130436+00,TRUE
1a32ec75-f2d1-4afc-a90a-2761d206edf6,bfd726b7-2e78-4786-9c33-8ebc1300a34d,C1_CH1_ST9,Concentration Terms,9,2026-06-20 14:59:21.130436+00,TRUE
c2748ca9-40e1-48e2-9e2f-9ae3a2d95f9f,14d0762e-6a1f-47b1-a930-6cd65d9d07e6,C10_CH1_ST1,Conductance,1,2026-06-20 15:34:06.748698+00,TRUE
6110c988-859b-4c51-85b3-a53a242df851,14d0762e-6a1f-47b1-a930-6cd65d9d07e6,C10_CH1_ST10,Gibbs Energy and Cell Potential,10,2026-06-20 15:34:06.748698+00,TRUE
ae1a9985-0863-4478-b868-6f2073642f43,14d0762e-6a1f-47b1-a930-6cd65d9d07e6,C10_CH1_ST11,Batteries,11,2026-06-20 15:34:06.748698+00,TRUE
6ad1f30a-9a52-4138-b601-f42da8556e86,14d0762e-6a1f-47b1-a930-6cd65d9d07e6,C10_CH1_ST12,Fuel Cells,12,2026-06-20 15:34:06.748698+00,TRUE
9aeeefdb-05ac-4877-82fe-1f17224e4fed,14d0762e-6a1f-47b1-a930-6cd65d9d07e6,C10_CH1_ST13,Corrosion,13,2026-06-20 15:34:06.748698+00,TRUE
785accfd-0e4e-4154-aa6c-5b22b5620984,14d0762e-6a1f-47b1-a930-6cd65d9d07e6,C10_CH1_ST2,Specific Conductance,2,2026-06-20 15:34:06.748698+00,TRUE
ac2783d6-0bd1-489f-946d-f33735a7e980,14d0762e-6a1f-47b1-a930-6cd65d9d07e6,C10_CH1_ST3,Molar Conductivity,3,2026-06-20 15:34:06.748698+00,TRUE
9e8a32e7-02eb-4917-8f92-35abddb0fbc2,14d0762e-6a1f-47b1-a930-6cd65d9d07e6,C10_CH1_ST4,Kohlrausch Law,4,2026-06-20 15:34:06.748698+00,TRUE
44fa9ed6-eb72-4042-bbd3-168adff9432c,14d0762e-6a1f-47b1-a930-6cd65d9d07e6,C10_CH1_ST5,Electrolytic Cells,5,2026-06-20 15:34:06.748698+00,TRUE
705fadea-a74d-4b44-bec3-3aeca6e05b58,14d0762e-6a1f-47b1-a930-6cd65d9d07e6,C10_CH1_ST6,Galvanic Cells,6,2026-06-20 15:34:06.748698+00,TRUE
c5da9dfe-a1f4-4816-b5da-85dcb96750a2,14d0762e-6a1f-47b1-a930-6cd65d9d07e6,C10_CH1_ST7,EMF of Cell,7,2026-06-20 15:34:06.748698+00,TRUE
ad1f6f2c-18fe-4c1d-b9b1-a58b10664c6a,14d0762e-6a1f-47b1-a930-6cd65d9d07e6,C10_CH1_ST8,Standard Electrode Potential,8,2026-06-20 15:34:06.748698+00,TRUE
b8222254-cc9e-4f59-b7f9-f9dc7df9572e,14d0762e-6a1f-47b1-a930-6cd65d9d07e6,C10_CH1_ST9,Nernst Equation,9,2026-06-20 15:34:06.748698+00,TRUE
ed3f271f-a1e5-481e-a6a4-d2c27fccdeab,f8e2bfd8-d36c-420a-a621-f5f758528bd7,C11_CH1_ST1,Rate of Reaction,1,2026-06-20 15:34:06.748698+00,TRUE
d8b4790e-c65a-42f0-a4e1-855139d0f516,f8e2bfd8-d36c-420a-a621-f5f758528bd7,C11_CH1_ST10,Arrhenius Equation,10,2026-06-20 15:34:06.748698+00,TRUE
08c0e034-b625-40bb-b4de-15522667ce02,f8e2bfd8-d36c-420a-a621-f5f758528bd7,C11_CH1_ST11,Activation Energy,11,2026-06-20 15:34:06.748698+00,TRUE
3ae7441b-f40d-43e7-a2e8-463c03169a59,f8e2bfd8-d36c-420a-a621-f5f758528bd7,C11_CH1_ST12,Collision Theory,12,2026-06-20 15:34:06.748698+00,TRUE
e86ca22b-f1bc-4eb1-84e5-f8f145d18dbb,f8e2bfd8-d36c-420a-a621-f5f758528bd7,C11_CH1_ST2,Average Rate,2,2026-06-20 15:34:06.748698+00,TRUE
40b1d98c-4be8-44d2-b66f-5b34c794628a,f8e2bfd8-d36c-420a-a621-f5f758528bd7,C11_CH1_ST3,Instantaneous Rate,3,2026-06-20 15:34:06.748698+00,TRUE
e95b01c0-7af8-4675-8676-b5c729c2e313,f8e2bfd8-d36c-420a-a621-f5f758528bd7,C11_CH1_ST4,Rate Law,4,2026-06-20 15:34:06.748698+00,TRUE
ee156d6e-186e-445b-bbad-85251239cac3,f8e2bfd8-d36c-420a-a621-f5f758528bd7,C11_CH1_ST5,Order of Reaction,5,2026-06-20 15:34:06.748698+00,TRUE
fad12359-8f26-4894-bdc7-48f97f6b0b0f,f8e2bfd8-d36c-420a-a621-f5f758528bd7,C11_CH1_ST6,Molecularity,6,2026-06-20 15:34:06.748698+00,TRUE
45cc370a-6d15-43e6-b2ee-99f6f8be35c0,f8e2bfd8-d36c-420a-a621-f5f758528bd7,C11_CH1_ST7,Zero Order Reactions,7,2026-06-20 15:34:06.748698+00,TRUE
2e43aabc-13eb-4a77-a8ac-570f0c77de96,f8e2bfd8-d36c-420a-a621-f5f758528bd7,C11_CH1_ST8,First Order Reactions,8,2026-06-20 15:34:06.748698+00,TRUE
0f0abf8c-e4c7-41bc-8d49-281fd6bc2119,f8e2bfd8-d36c-420a-a621-f5f758528bd7,C11_CH1_ST9,Half Life,9,2026-06-20 15:34:06.748698+00,TRUE
d94e3a8d-8731-4ec7-acfc-a185010d502c,98260305-abdf-4d08-859f-d4c98fff8c42,C12_CH1_ST1,Physical Adsorption,1,2026-06-20 15:34:06.748698+00,TRUE
0e9edba5-c590-4efd-bd2b-37b5912c84e8,98260305-abdf-4d08-859f-d4c98fff8c42,C12_CH1_ST10,Emulsions,10,2026-06-20 15:34:06.748698+00,TRUE
3ceca402-c946-4a00-983d-7a57bd10d8a1,98260305-abdf-4d08-859f-d4c98fff8c42,C12_CH1_ST11,Micelles,11,2026-06-20 15:34:06.748698+00,TRUE
2693ad98-e868-44ca-bd98-5309ca18ee02,98260305-abdf-4d08-859f-d4c98fff8c42,C12_CH1_ST2,Chemical Adsorption,2,2026-06-20 15:34:06.748698+00,TRUE
acb26eec-d744-47a8-98da-d939d4ff46b4,98260305-abdf-4d08-859f-d4c98fff8c42,C12_CH1_ST3,Freundlich Isotherm,3,2026-06-20 15:34:06.748698+00,TRUE
00f9cbcb-82dc-48c5-9477-380cd1920480,98260305-abdf-4d08-859f-d4c98fff8c42,C12_CH1_ST4,Catalysis,4,2026-06-20 15:34:06.748698+00,TRUE
03fb0bc5-b511-4f5a-8e19-76756b6f2bb5,98260305-abdf-4d08-859f-d4c98fff8c42,C12_CH1_ST5,Homogeneous Catalysis,5,2026-06-20 15:34:06.748698+00,TRUE
4341e10c-ab74-4d43-9c85-2b030d9c1108,98260305-abdf-4d08-859f-d4c98fff8c42,C12_CH1_ST6,Heterogeneous Catalysis,6,2026-06-20 15:34:06.748698+00,TRUE
63a48f9f-fb55-4314-934c-5fd8a57bfe80,98260305-abdf-4d08-859f-d4c98fff8c42,C12_CH1_ST7,Enzyme Catalysis,7,2026-06-20 15:34:06.748698+00,TRUE
ea32ea65-107f-425e-b091-55871221b1a9,98260305-abdf-4d08-859f-d4c98fff8c42,C12_CH1_ST8,Colloids,8,2026-06-20 15:34:06.748698+00,TRUE
26e867b7-2313-440c-ad06-ab8a29d43977,98260305-abdf-4d08-859f-d4c98fff8c42,C12_CH1_ST9,Tyndall Effect,9,2026-06-20 15:34:06.748698+00,TRUE
6710bf62-8555-4671-8321-9d0a40e55746,f90bab29-a3f6-4879-a7d2-ebbe8f79ad5b,C13_CH1_ST1,Modern Periodic Law,1,2026-06-20 15:35:45.259545+00,TRUE
afc0d965-f39a-4e46-bda7-ae8c763925c3,f90bab29-a3f6-4879-a7d2-ebbe8f79ad5b,C13_CH1_ST10,Anomalous Properties,10,2026-06-20 15:35:45.259545+00,TRUE
93f3c232-aac9-4f7a-913c-4b2461a37f11,f90bab29-a3f6-4879-a7d2-ebbe8f79ad5b,C13_CH1_ST2,Long Form Periodic Table,2,2026-06-20 15:35:45.259545+00,TRUE
c4774216-8e7e-40f0-916a-e86c0e3cc414,f90bab29-a3f6-4879-a7d2-ebbe8f79ad5b,C13_CH1_ST3,Electronic Configuration and Position,3,2026-06-20 15:35:45.259545+00,TRUE
05268a7b-5fe5-43bd-b8f3-b14e83dcd389,f90bab29-a3f6-4879-a7d2-ebbe8f79ad5b,C13_CH1_ST4,Atomic Radius,4,2026-06-20 15:35:45.259545+00,TRUE
376e39cb-c6bd-4414-9f84-78603c1a6e63,f90bab29-a3f6-4879-a7d2-ebbe8f79ad5b,C13_CH1_ST5,Ionic Radius,5,2026-06-20 15:35:45.259545+00,TRUE
8435960a-06a1-452a-befe-531cc0028d5f,f90bab29-a3f6-4879-a7d2-ebbe8f79ad5b,C13_CH1_ST6,Ionization Enthalpy,6,2026-06-20 15:35:45.259545+00,TRUE
1f45d50a-74c5-4b5e-af85-2e29c80d0d2c,f90bab29-a3f6-4879-a7d2-ebbe8f79ad5b,C13_CH1_ST7,Electron Gain Enthalpy,7,2026-06-20 15:35:45.259545+00,TRUE
d42ba9a0-b908-4cb5-95bc-673fdcf9b34c,f90bab29-a3f6-4879-a7d2-ebbe8f79ad5b,C13_CH1_ST8,Electronegativity,8,2026-06-20 15:35:45.259545+00,TRUE
0bdc5c15-0df5-483e-bdfa-7c044f5b9f91,f90bab29-a3f6-4879-a7d2-ebbe8f79ad5b,C13_CH1_ST9,Periodic Trends,9,2026-06-20 15:35:45.259545+00,TRUE
bf5de740-357f-452a-9cbe-11196239ba4a,f349f47e-372c-47b6-88dd-5003b16c0404,C14_CH1_ST1,Position of Hydrogen,1,2026-06-20 15:35:45.259545+00,TRUE
dffd477a-6ac2-465e-8944-a23d34075efc,f349f47e-372c-47b6-88dd-5003b16c0404,C14_CH1_ST2,Isotopes of Hydrogen,2,2026-06-20 15:35:45.259545+00,TRUE
2ed84df6-1102-407b-9d95-fb329e5707f8,f349f47e-372c-47b6-88dd-5003b16c0404,C14_CH1_ST3,Preparation of Hydrogen,3,2026-06-20 15:35:45.259545+00,TRUE
22603184-9f8d-49e2-94f9-110fd7443b7e,f349f47e-372c-47b6-88dd-5003b16c0404,C14_CH1_ST4,Properties of Hydrogen,4,2026-06-20 15:35:45.259545+00,TRUE
79eb7ad8-3f4f-4a27-be99-996317ba8270,f349f47e-372c-47b6-88dd-5003b16c0404,C14_CH1_ST5,Hydrides,5,2026-06-20 15:35:45.259545+00,TRUE
8840054e-97e6-4235-8d5d-d5a64890cab9,f349f47e-372c-47b6-88dd-5003b16c0404,C14_CH1_ST6,Water,6,2026-06-20 15:35:45.259545+00,TRUE
0decbb7f-7fc0-47f4-a09b-6bee3dfd57f0,f349f47e-372c-47b6-88dd-5003b16c0404,C14_CH1_ST7,Hydrogen Peroxide,7,2026-06-20 15:35:45.259545+00,TRUE
9c8bafb6-0078-4397-8feb-7ad3a4b753e7,f349f47e-372c-47b6-88dd-5003b16c0404,C14_CH1_ST8,Heavy Water,8,2026-06-20 15:35:45.259545+00,TRUE
036701d0-3a2c-4bcb-bde0-ef827861f2cc,ca712205-93aa-4d80-9f32-aa7edf5c0620,C15_CH1_ST1,Electronic Configuration,1,2026-06-20 15:35:45.259545+00,TRUE
8fdbcc52-5639-4b8e-ba63-8dc1f5b605df,ca712205-93aa-4d80-9f32-aa7edf5c0620,C15_CH1_ST2,Physical Properties,2,2026-06-20 15:35:45.259545+00,TRUE
aecbb407-15d1-450f-aa3b-a7795b40a9e2,ca712205-93aa-4d80-9f32-aa7edf5c0620,C15_CH1_ST3,Chemical Properties,3,2026-06-20 15:35:45.259545+00,TRUE
e34f739a-ade9-4061-897a-877b417f002b,ca712205-93aa-4d80-9f32-aa7edf5c0620,C15_CH1_ST4,Anomalous Behaviour of Lithium,4,2026-06-20 15:35:45.259545+00,TRUE
4beceb86-6909-41dc-8f5b-b628316f8fe7,ca712205-93aa-4d80-9f32-aa7edf5c0620,C15_CH1_ST5,Diagonal Relationship,5,2026-06-20 15:35:45.259545+00,TRUE
3b6cd93d-b9e0-4b2b-9d3f-ebb29b1dd32d,a9ae288a-5d39-4b35-9927-60bfdbbfb117,C15_CH2_ST1,General Characteristics,1,2026-06-20 15:35:45.259545+00,TRUE
7bed7c8c-b341-496e-aebd-9f42dfd613e0,a9ae288a-5d39-4b35-9927-60bfdbbfb117,C15_CH2_ST2,Anomalous Behaviour of Beryllium,2,2026-06-20 15:35:45.259545+00,TRUE
138c450c-2d2c-4316-a8e6-136ded58e749,a9ae288a-5d39-4b35-9927-60bfdbbfb117,C15_CH2_ST3,Compounds of Calcium,3,2026-06-20 15:35:45.259545+00,TRUE
b6fa95a2-7e64-4e27-bc04-848f382417d6,7991a681-4604-47b4-88b5-4d2fcc5b7caf,C16_CH1_ST1,Boron Family,1,2026-06-20 15:35:45.259545+00,TRUE
ae8bf647-05b6-48db-b036-9024c5efca43,7991a681-4604-47b4-88b5-4d2fcc5b7caf,C16_CH1_ST2,Borax,2,2026-06-20 15:35:45.259545+00,TRUE
51759434-d186-458f-b74d-ad6f276773e3,7991a681-4604-47b4-88b5-4d2fcc5b7caf,C16_CH1_ST3,Aluminium Compounds,3,2026-06-20 15:35:45.259545+00,TRUE
4ae19bd2-8b1a-4292-8d5d-9bb32702e224,e1d4d78e-6648-49d8-aa22-8cdc21b89a22,C16_CH2_ST1,Carbon Family,1,2026-06-20 15:37:50.099004+00,TRUE
3598d33b-2bfe-4c61-a73f-37079f8d4fb1,e1d4d78e-6648-49d8-aa22-8cdc21b89a22,C16_CH2_ST2,Allotropes of Carbon,2,2026-06-20 15:37:50.099004+00,TRUE
2f565a9a-cd7c-48c2-94f8-83b4eaf318dc,e1d4d78e-6648-49d8-aa22-8cdc21b89a22,C16_CH2_ST3,Silicates,3,2026-06-20 15:37:50.099004+00,TRUE
642ed24f-d575-47dc-9ed1-2c79fc47b679,54a865bc-ad06-4bd5-a72e-3bc71b1acf6d,C16_CH3_ST1,Nitrogen Family,1,2026-06-20 15:37:50.099004+00,TRUE
3a5ca361-d7d4-4488-a0c8-538208a086c9,54a865bc-ad06-4bd5-a72e-3bc71b1acf6d,C16_CH3_ST2,Ammonia,2,2026-06-20 15:37:50.099004+00,TRUE
6170aca8-0a9a-4cb3-a52b-9e8dc280904c,54a865bc-ad06-4bd5-a72e-3bc71b1acf6d,C16_CH3_ST3,Nitric Acid,3,2026-06-20 15:37:50.099004+00,TRUE
74a9cc4b-84bd-4952-96a9-730790139d73,b532206a-f830-4f64-b5a1-9a8a57e4944c,C16_CH4_ST1,Oxygen Family,1,2026-06-20 15:37:50.099004+00,TRUE
d0695ced-3f74-4807-856c-19925ef601f8,b532206a-f830-4f64-b5a1-9a8a57e4944c,C16_CH4_ST2,Sulphuric Acid,2,2026-06-20 15:37:50.099004+00,TRUE
a6d6581f-a26a-4286-9ecd-3833355a0772,54689a70-905b-43e3-8662-d8f84f42379b,C16_CH5_ST1,Halogens,1,2026-06-20 15:37:50.099004+00,TRUE
efe8052d-8771-4dc2-9490-c33fd88fd63a,54689a70-905b-43e3-8662-d8f84f42379b,C16_CH5_ST2,Interhalogen Compounds,2,2026-06-20 15:37:50.099004+00,TRUE
77e19f2d-2cb1-49f0-9fa9-9da292f14a9d,cf13ad60-30df-4d7b-84b7-d53b3a6766e6,C16_CH6_ST1,Noble Gases,1,2026-06-20 15:37:50.099004+00,TRUE
71295cb7-a8ff-4867-a001-66b6e0616077,cf13ad60-30df-4d7b-84b7-d53b3a6766e6,C16_CH6_ST2,Xenon Compounds,2,2026-06-20 15:37:50.099004+00,TRUE
4684db1c-32f9-48a8-b4ae-9f58212e97d2,9dedf656-f678-4943-8c06-2837dcd554d9,C17_CH1_ST1,Electronic Configuration,1,2026-06-20 15:37:50.099004+00,TRUE
2d3b1036-9c07-4969-b490-98df50416fc6,9dedf656-f678-4943-8c06-2837dcd554d9,C17_CH1_ST2,General Characteristics,2,2026-06-20 15:37:50.099004+00,TRUE
475ffff1-2b67-4c39-b05f-61939c4bb60a,9dedf656-f678-4943-8c06-2837dcd554d9,C17_CH1_ST3,Oxidation States,3,2026-06-20 15:37:50.099004+00,TRUE
09101e1f-0e70-458a-b2f1-70fe5d2a90a3,9dedf656-f678-4943-8c06-2837dcd554d9,C17_CH1_ST4,Colour and Magnetism,4,2026-06-20 15:37:50.099004+00,TRUE
ee95f16f-2187-41fb-bc24-f425f9eeb5c2,9dedf656-f678-4943-8c06-2837dcd554d9,C17_CH1_ST5,Catalytic Properties,5,2026-06-20 15:37:50.099004+00,TRUE
b5a7e44e-1853-4fdf-b29a-df1c5f782504,9dedf656-f678-4943-8c06-2837dcd554d9,C17_CH1_ST6,Interstitial Compounds,6,2026-06-20 15:37:50.099004+00,TRUE
c5480d32-6ae5-4146-b3c2-7a2930c63024,9dedf656-f678-4943-8c06-2837dcd554d9,C17_CH1_ST7,Alloy Formation,7,2026-06-20 15:37:50.099004+00,TRUE
083dd3c0-a1f5-43b2-a6a6-2fae53fab93c,9dedf656-f678-4943-8c06-2837dcd554d9,C17_CH1_ST8,Potassium Dichromate,8,2026-06-20 15:37:50.099004+00,TRUE
5ab67a43-6e87-44a8-b899-410ccf25478f,9dedf656-f678-4943-8c06-2837dcd554d9,C17_CH1_ST9,Potassium Permanganate,9,2026-06-20 15:37:50.099004+00,TRUE
3318ad12-f975-41ee-8215-ca285c9f5c54,45960637-9a45-42a7-8aaa-cc297719820c,C18_CH1_ST1,Lanthanides,1,2026-06-20 15:37:50.099004+00,TRUE
98b2d25e-4ace-482b-b455-b24bf8b56466,45960637-9a45-42a7-8aaa-cc297719820c,C18_CH1_ST2,Lanthanide Contraction,2,2026-06-20 15:37:50.099004+00,TRUE
b4857a7a-3c2e-44b4-b05a-ba04fc6a579e,45960637-9a45-42a7-8aaa-cc297719820c,C18_CH1_ST3,Actinides,3,2026-06-20 15:37:50.099004+00,TRUE
3c46160e-a9ca-4ca7-ad7d-930e299e91d4,45960637-9a45-42a7-8aaa-cc297719820c,C18_CH1_ST4,Oxidation States,4,2026-06-20 15:37:50.099004+00,TRUE
969ff0ef-6925-42f9-8253-ea9172424ba5,067dc526-f111-4a59-a362-77b8a71e2bad,C19_CH1_ST1,Werner Theory,1,2026-06-20 15:37:50.099004+00,TRUE
337b32ff-5d25-4267-8498-47441497c12f,067dc526-f111-4a59-a362-77b8a71e2bad,C19_CH1_ST2,Ligands,2,2026-06-20 15:37:50.099004+00,TRUE
4b6bc9a7-0e4b-4295-8219-a6d86a718305,067dc526-f111-4a59-a362-77b8a71e2bad,C19_CH1_ST3,Nomenclature,3,2026-06-20 15:37:50.099004+00,TRUE
9184c24f-9889-43d6-8bab-cd11ea8ac335,067dc526-f111-4a59-a362-77b8a71e2bad,C19_CH1_ST4,Coordination Number,4,2026-06-20 15:37:50.099004+00,TRUE
b877003f-72e4-4ce2-88dd-5374be909fd4,067dc526-f111-4a59-a362-77b8a71e2bad,C19_CH1_ST5,Isomerism,5,2026-06-20 15:37:50.099004+00,TRUE
db557769-0d3f-4288-9508-e068505e724f,067dc526-f111-4a59-a362-77b8a71e2bad,C19_CH1_ST6,Crystal Field Theory,6,2026-06-20 15:37:50.099004+00,TRUE
745be33e-b9b6-4321-9512-05f629e6042c,067dc526-f111-4a59-a362-77b8a71e2bad,C19_CH1_ST7,Magnetic Properties,7,2026-06-20 15:37:50.099004+00,TRUE
6b395132-55b1-4a3f-9605-44ff8db06cb6,067dc526-f111-4a59-a362-77b8a71e2bad,C19_CH1_ST8,Applications,8,2026-06-20 15:37:50.099004+00,TRUE
7d2d6d05-4b0f-40a4-8e41-9129211dae4d,fb031d32-e158-47e0-9ea0-3e8eaa9c8ebf,C2_CH1_ST1,Thomson Model,1,2026-06-20 14:59:21.130436+00,TRUE
611a7104-aed9-419f-8488-7b0e5b97ccdb,fb031d32-e158-47e0-9ea0-3e8eaa9c8ebf,C2_CH1_ST10,Aufbau Principle,10,2026-06-20 14:59:21.130436+00,TRUE
b56cba9c-e4b0-4ca3-86da-9c0ae2ccee53,fb031d32-e158-47e0-9ea0-3e8eaa9c8ebf,C2_CH1_ST11,Hund Rule,11,2026-06-20 14:59:21.130436+00,TRUE
f83040ef-4fd8-47e6-b9cb-97a269061efb,fb031d32-e158-47e0-9ea0-3e8eaa9c8ebf,C2_CH1_ST12,Pauli Exclusion Principle,12,2026-06-20 14:59:21.130436+00,TRUE
9778f9b5-983a-4721-a870-a5ad1b103f06,fb031d32-e158-47e0-9ea0-3e8eaa9c8ebf,C2_CH1_ST2,Rutherford Model,2,2026-06-20 14:59:21.130436+00,TRUE
1b024169-a8a7-48b1-bcbf-c53bec840cde,fb031d32-e158-47e0-9ea0-3e8eaa9c8ebf,C2_CH1_ST3,Bohr Model,3,2026-06-20 14:59:21.130436+00,TRUE
32162f06-ce3e-4de1-840c-e2fde11bbe00,fb031d32-e158-47e0-9ea0-3e8eaa9c8ebf,C2_CH1_ST4,Hydrogen Spectrum,4,2026-06-20 14:59:21.130436+00,TRUE
e79148d6-078d-4eb0-b4aa-5e951e4b0136,fb031d32-e158-47e0-9ea0-3e8eaa9c8ebf,C2_CH1_ST5,Dual Nature,5,2026-06-20 14:59:21.130436+00,TRUE
bd657dc1-8826-4a39-ac21-e78605479f79,fb031d32-e158-47e0-9ea0-3e8eaa9c8ebf,C2_CH1_ST6,de Broglie Equation,6,2026-06-20 14:59:21.130436+00,TRUE
f60ed29b-8e35-4721-a33e-3a165395c5e8,fb031d32-e158-47e0-9ea0-3e8eaa9c8ebf,C2_CH1_ST7,Heisenberg Principle,7,2026-06-20 14:59:21.130436+00,TRUE
3a1d4b24-4572-4c2e-b4d0-6fabfb916234,fb031d32-e158-47e0-9ea0-3e8eaa9c8ebf,C2_CH1_ST8,Quantum Numbers,8,2026-06-20 14:59:21.130436+00,TRUE
d7837aae-e823-447a-bd03-b39e0942169f,fb031d32-e158-47e0-9ea0-3e8eaa9c8ebf,C2_CH1_ST9,Electronic Configuration,9,2026-06-20 14:59:21.130436+00,TRUE
080a7f7b-7031-4c2a-8461-90fd57c51b83,8c4dd480-ed9e-4877-b95c-de4199f7dd7d,C20_CH1_ST1,Concentration of Ores,1,2026-06-20 15:37:50.099004+00,TRUE
7bd79998-191f-45c1-9b80-9bb22b574a38,8c4dd480-ed9e-4877-b95c-de4199f7dd7d,C20_CH1_ST2,Roasting,2,2026-06-20 15:37:50.099004+00,TRUE
f749b767-6704-4dac-86e5-4c40bb15aec1,8c4dd480-ed9e-4877-b95c-de4199f7dd7d,C20_CH1_ST3,Calcination,3,2026-06-20 15:37:50.099004+00,TRUE
119eab66-2363-4e0a-aa03-deaa9e6bd0c1,8c4dd480-ed9e-4877-b95c-de4199f7dd7d,C20_CH1_ST4,Reduction Methods,4,2026-06-20 15:37:50.099004+00,TRUE
e21403ac-d452-46fb-bc1c-951789f28c88,8c4dd480-ed9e-4877-b95c-de4199f7dd7d,C20_CH1_ST5,Ellingham Diagram,5,2026-06-20 15:37:50.099004+00,TRUE
dbf1c7fd-a0d5-4ffd-ac39-620e9d108c1c,8c4dd480-ed9e-4877-b95c-de4199f7dd7d,C20_CH1_ST6,Electrolytic Refining,6,2026-06-20 15:37:50.099004+00,TRUE
86872835-4031-4625-b6b8-4c8637867417,8c4dd480-ed9e-4877-b95c-de4199f7dd7d,C20_CH1_ST7,Zone Refining,7,2026-06-20 15:37:50.099004+00,TRUE
1768d93a-5321-4bf7-a432-acf95d667dad,8c4dd480-ed9e-4877-b95c-de4199f7dd7d,C20_CH1_ST8,Vapour Phase Refining,8,2026-06-20 15:37:50.099004+00,TRUE
3bd3b3eb-e250-4e91-8efe-ca8827a2657a,8c4dd480-ed9e-4877-b95c-de4199f7dd7d,C20_CH1_ST9,Chromatographic Methods,9,2026-06-20 15:37:50.099004+00,TRUE
06d964ea-4c25-46f4-96be-0de0975c9add,92f8cd24-d33e-4688-bbfb-1dbe7cab562c,C21_CH1_ST1,Classification of Organic Compounds,1,2026-06-20 15:40:52.556339+00,TRUE
3abdfc2f-1fae-4482-a57b-cdb1035eaed9,92f8cd24-d33e-4688-bbfb-1dbe7cab562c,C21_CH1_ST2,Nomenclature,2,2026-06-20 15:40:52.556339+00,TRUE
713f8794-a1ee-4bfd-b7ad-500e05b3535b,92f8cd24-d33e-4688-bbfb-1dbe7cab562c,C21_CH1_ST3,Isomerism,3,2026-06-20 15:40:52.556339+00,TRUE
f5943720-c7a8-4384-b966-4dfdf855a265,92f8cd24-d33e-4688-bbfb-1dbe7cab562c,C21_CH1_ST4,Electronic Effects,4,2026-06-20 15:40:52.556339+00,TRUE
c7fee463-8fd3-48d1-9a4c-80ea256fa89d,92f8cd24-d33e-4688-bbfb-1dbe7cab562c,C21_CH1_ST5,Reaction Intermediates,5,2026-06-20 15:40:52.556339+00,TRUE
295d1c95-c789-4ded-b500-9a9b09b97c00,92f8cd24-d33e-4688-bbfb-1dbe7cab562c,C21_CH1_ST6,Acidity and Basicity,6,2026-06-20 15:40:52.556339+00,TRUE
ddc63266-f7bb-49c7-933d-c73338bff5cd,92f8cd24-d33e-4688-bbfb-1dbe7cab562c,C21_CH1_ST7,Aromaticity,7,2026-06-20 15:40:52.556339+00,TRUE
a8c49e86-88d5-4c4e-882c-494575a6b249,92f8cd24-d33e-4688-bbfb-1dbe7cab562c,C21_CH1_ST8,Reaction Mechanisms,8,2026-06-20 15:40:52.556339+00,TRUE
f9eb5c1e-f9f6-4d48-806b-0caf9c30f5fb,08519477-ac65-4012-943f-0a9931af6eef,C22_CH1_ST1,Preparation of Alkanes,1,2026-06-20 15:40:52.556339+00,TRUE
7d33ba38-a4ae-443f-bb59-383d837e7c44,08519477-ac65-4012-943f-0a9931af6eef,C22_CH1_ST2,Properties of Alkanes,2,2026-06-20 15:40:52.556339+00,TRUE
05a9c78d-a846-4f4a-b217-cd125a60faab,08519477-ac65-4012-943f-0a9931af6eef,C22_CH1_ST3,Free Radical Halogenation,3,2026-06-20 15:40:52.556339+00,TRUE
a1342e2a-f2a8-410e-8a02-c37525270f3a,eff4349e-287c-4db7-aa9d-7f0d1ca08936,C22_CH2_ST1,Preparation of Alkenes,1,2026-06-20 15:40:52.556339+00,TRUE
8e1b9d54-e50d-4723-9d46-98914befd5d3,eff4349e-287c-4db7-aa9d-7f0d1ca08936,C22_CH2_ST2,Electrophilic Addition,2,2026-06-20 15:40:52.556339+00,TRUE
ca9dfc0b-b64c-473f-af25-14f2e044f739,eff4349e-287c-4db7-aa9d-7f0d1ca08936,C22_CH2_ST3,Ozonolysis,3,2026-06-20 15:40:52.556339+00,TRUE
f3f26729-8526-4583-b904-edb603ee896f,eff4349e-287c-4db7-aa9d-7f0d1ca08936,C22_CH2_ST4,Markovnikov Rule,4,2026-06-20 15:40:52.556339+00,TRUE
eaca62d5-6b26-4d54-9da7-a20f4100b7b5,eff4349e-287c-4db7-aa9d-7f0d1ca08936,C22_CH2_ST5,Peroxide Effect,5,2026-06-20 15:40:52.556339+00,TRUE
cd3e5ae7-eb3f-47ca-9a29-053f9b57c758,0d15f4d7-c946-4684-8d66-ab3255b12937,C22_CH3_ST1,Preparation of Alkynes,1,2026-06-20 15:40:52.556339+00,TRUE
d96b1585-5adf-4f5c-901e-f1ab04709260,0d15f4d7-c946-4684-8d66-ab3255b12937,C22_CH3_ST2,Acidity of Alkynes,2,2026-06-20 15:40:52.556339+00,TRUE
ecea6e47-1686-40ab-8dfa-e9887500d780,0d15f4d7-c946-4684-8d66-ab3255b12937,C22_CH3_ST3,Addition Reactions,3,2026-06-20 15:40:52.556339+00,TRUE
c9f604cf-4be0-42e5-8224-874c51be3018,33ee3c01-11e5-4a76-bace-a95dd25a4d4b,C22_CH4_ST1,Benzene Structure,1,2026-06-20 15:40:52.556339+00,TRUE
19afe84d-fc41-4083-9207-18abb6877248,33ee3c01-11e5-4a76-bace-a95dd25a4d4b,C22_CH4_ST2,Electrophilic Substitution,2,2026-06-20 15:40:52.556339+00,TRUE
690afef9-58d4-4acd-877b-b29abb510533,33ee3c01-11e5-4a76-bace-a95dd25a4d4b,C22_CH4_ST3,Friedel Crafts Reaction,3,2026-06-20 15:40:52.556339+00,TRUE
cfe5f839-d7b2-4b47-ab64-de95a3abf2b0,621d33ca-85b1-481f-bbe1-14458bba3788,C23_CH1_ST1,Preparation,1,2026-06-20 15:40:52.556339+00,TRUE
0375987e-c7ea-467d-b4ae-6b20894bb13a,621d33ca-85b1-481f-bbe1-14458bba3788,C23_CH1_ST2,SN1 Mechanism,2,2026-06-20 15:40:52.556339+00,TRUE
8f3a9048-8876-460f-86b1-56d51e266eae,621d33ca-85b1-481f-bbe1-14458bba3788,C23_CH1_ST3,SN2 Mechanism,3,2026-06-20 15:40:52.556339+00,TRUE
a31cf053-8666-4c76-a3c8-719428e630e8,621d33ca-85b1-481f-bbe1-14458bba3788,C23_CH1_ST4,Elimination Reactions,4,2026-06-20 15:40:52.556339+00,TRUE
86633e5c-f86d-4682-85bc-eca143d2ee3b,621d33ca-85b1-481f-bbe1-14458bba3788,C23_CH1_ST5,Grignard Reagent,5,2026-06-20 15:40:52.556339+00,TRUE
80d778a5-a97c-4b47-968c-1ea49a037fae,4bfbd6d6-9057-4a65-9ee2-b6f0b75cdea4,C23_CH2_ST1,Nucleophilic Substitution,1,2026-06-20 15:40:52.556339+00,TRUE
03688a17-b106-4f20-9d60-ac69d11de89a,4bfbd6d6-9057-4a65-9ee2-b6f0b75cdea4,C23_CH2_ST2,Dow Process,2,2026-06-20 15:40:52.556339+00,TRUE
95dfdba0-92be-40a9-b46f-3addb0955365,4bfbd6d6-9057-4a65-9ee2-b6f0b75cdea4,C23_CH2_ST3,Fittig Reaction,3,2026-06-20 15:40:52.556339+00,TRUE
65c67b47-2aea-414b-9749-d15dde539603,4bfbd6d6-9057-4a65-9ee2-b6f0b75cdea4,C23_CH2_ST4,Wurtz Reaction,4,2026-06-20 15:40:52.556339+00,TRUE
958f4215-b1ba-4ca7-ad8f-fdc26bc6f39a,25c5d20c-a05d-4973-9db6-701969bb9b92,C24_CH1_ST1,Preparation of Alcohols,1,2026-06-20 15:40:52.556339+00,TRUE
7b3a5c7c-617f-4d3c-ab06-e43199a33af0,25c5d20c-a05d-4973-9db6-701969bb9b92,C24_CH1_ST2,Oxidation,2,2026-06-20 15:40:52.556339+00,TRUE
1024acd9-0f43-454f-9555-cbb255249986,25c5d20c-a05d-4973-9db6-701969bb9b92,C24_CH1_ST3,Dehydration,3,2026-06-20 15:40:52.556339+00,TRUE
691aff96-0384-493c-a74c-990157fd806f,d82eeec3-5736-424d-b842-a805bd84e27e,C24_CH2_ST1,Acidic Nature of Phenols,1,2026-06-20 15:40:52.556339+00,TRUE
b93a9411-d771-4910-92d2-350331ba5ce1,d82eeec3-5736-424d-b842-a805bd84e27e,C24_CH2_ST2,Kolbe Reaction,2,2026-06-20 15:40:52.556339+00,TRUE
4f68eaa2-6b8e-4877-b0a9-e80d0258ed1a,d82eeec3-5736-424d-b842-a805bd84e27e,C24_CH2_ST3,Reimer Tiemann Reaction,3,2026-06-20 15:40:52.556339+00,TRUE
6c802120-939f-44b3-b5b7-182d33adadde,d917ab10-6b96-4be3-b4d8-c8fb73d922ff,C24_CH3_ST1,Williamson Synthesis,1,2026-06-20 15:40:52.556339+00,TRUE
fc554af5-4777-43f9-84a1-3459e543ceb3,d917ab10-6b96-4be3-b4d8-c8fb73d922ff,C24_CH3_ST2,Cleavage of Ethers,2,2026-06-20 15:40:52.556339+00,TRUE
f8b46a65-9c3b-47df-a706-4ca57cff1ef9,3a1fd21e-3b43-4ed6-bb01-88ad59fe909f,C25_CH1_ST1,Nucleophilic Addition,1,2026-06-20 15:40:52.556339+00,TRUE
777f486f-1834-4a2b-bd15-c9f60b047e84,3a1fd21e-3b43-4ed6-bb01-88ad59fe909f,C25_CH1_ST2,Aldol Condensation,2,2026-06-20 15:40:52.556339+00,TRUE
d2b123f5-919a-42eb-905e-a485d6e95867,3a1fd21e-3b43-4ed6-bb01-88ad59fe909f,C25_CH1_ST3,Cannizzaro Reaction,3,2026-06-20 15:40:52.556339+00,TRUE
75efd489-5f40-4313-9d25-c16f4a4b32cd,3a1fd21e-3b43-4ed6-bb01-88ad59fe909f,C25_CH1_ST4,Haloform Reaction,4,2026-06-20 15:40:52.556339+00,TRUE
fa223d07-af2a-4e0b-bd05-6f0547b8e3ea,30e1512b-4330-4d40-8f9d-012b92e9a968,C25_CH2_ST1,Preparation of Carboxylic Acids,1,2026-06-20 15:40:52.556339+00,TRUE
294028b8-7d48-4752-8b82-be0a63b5b1f9,30e1512b-4330-4d40-8f9d-012b92e9a968,C25_CH2_ST2,Acidic Strength,2,2026-06-20 15:40:52.556339+00,TRUE
a83373aa-593c-4133-b4fd-0c7cce9612d5,30e1512b-4330-4d40-8f9d-012b92e9a968,C25_CH2_ST3,Decarboxylation,3,2026-06-20 15:40:52.556339+00,TRUE
93c28dc8-c88a-4cc0-b4d6-0db70a298b0b,c0f800e2-c831-44dd-8021-2bc196bc2a75,C26_CH1_ST1,Preparation of Amines,1,2026-06-20 15:40:52.556339+00,TRUE
0428e203-1a67-4e59-a32a-ece0c2dc5563,c0f800e2-c831-44dd-8021-2bc196bc2a75,C26_CH1_ST2,Basic Character,2,2026-06-20 15:40:52.556339+00,TRUE
f64854fd-c672-4fd4-bfa7-3bb1b53892d5,c0f800e2-c831-44dd-8021-2bc196bc2a75,C26_CH1_ST3,Diazotization,3,2026-06-20 15:40:52.556339+00,TRUE
e022f137-5aa9-496d-afbf-9a102c406013,5f3cf683-7b37-472a-9da7-6403ae7d863c,C27_CH1_ST1,Glucose,1,2026-06-20 15:40:52.556339+00,TRUE
c278f9b3-68bb-4f5a-b288-8652fc205c33,ffe7504c-e94f-4ef3-9c97-7ad82df21c6f,C27_CH2_ST1,Proteins,1,2026-06-20 15:40:52.556339+00,TRUE
71dcc0e7-f9f4-4b8e-ac46-f266a0ed8dbb,3580ad84-4508-4f4d-a030-697a2f7bf49d,C27_CH4_ST1,DNA and RNA,1,2026-06-20 15:40:52.556339+00,TRUE
8e51b947-d85c-47bd-9911-1b9b7394a97f,05087430-56b1-4dd5-8c6c-b63d7fd98d15,C28_CH1_ST1,Addition Polymerization,1,2026-06-20 15:40:52.556339+00,TRUE
ebe385ae-481b-4c31-b16e-2d97fe457254,05087430-56b1-4dd5-8c6c-b63d7fd98d15,C28_CH1_ST2,Condensation Polymerization,2,2026-06-20 15:40:52.556339+00,TRUE
32d54724-9143-4ff0-a76b-c19df0316bc6,7fae22f6-6d7a-41ac-8a58-2f1bbcef9b90,C29_CH1_ST1,Drugs and Medicines,1,2026-06-20 15:40:52.556339+00,TRUE
978d82dc-39f2-4dde-9b50-78bf1a1cd8a6,8e14b758-a0da-4d60-aa8f-536f70aeadc3,C29_CH2_ST1,Artificial Sweeteners,1,2026-06-20 15:40:52.556339+00,TRUE
ecd5e809-4f77-45ea-93e4-d8d8fc6528bc,8eb5d5cb-396f-4507-943b-ce1ec20c4405,C29_CH3_ST1,Soaps and Detergents,1,2026-06-20 15:40:52.556339+00,TRUE
2c1b47c7-53a2-42c5-9894-3d62e52fa402,745f7a0e-d786-4f23-91f3-155078d630c6,C3_CH1_ST1,Ionic Bond,1,2026-06-20 14:59:21.130436+00,TRUE
4a44e4f9-9e9a-4c2d-bf2a-ac63406491ec,745f7a0e-d786-4f23-91f3-155078d630c6,C3_CH1_ST10,Dipole Moment,10,2026-06-20 14:59:21.130436+00,TRUE
6cdd0e1c-fa11-42c6-8d56-217fe2dd565b,745f7a0e-d786-4f23-91f3-155078d630c6,C3_CH1_ST11,Hydrogen Bonding,11,2026-06-20 14:59:21.130436+00,TRUE
e545e3f3-de2a-4057-a5f4-647c6baad010,745f7a0e-d786-4f23-91f3-155078d630c6,C3_CH1_ST12,Molecular Orbital Theory,12,2026-06-20 14:59:21.130436+00,TRUE
925948c4-16a6-4757-b233-e1dc8473a691,745f7a0e-d786-4f23-91f3-155078d630c6,C3_CH1_ST13,Bond Order,13,2026-06-20 14:59:21.130436+00,TRUE
effe2dfa-c958-4e43-a0e1-5f64a208ad79,745f7a0e-d786-4f23-91f3-155078d630c6,C3_CH1_ST2,Covalent Bond,2,2026-06-20 14:59:21.130436+00,TRUE
a9f82c24-7b2a-421a-8ddd-d0f0fd77203b,745f7a0e-d786-4f23-91f3-155078d630c6,C3_CH1_ST3,Coordinate Bond,3,2026-06-20 14:59:21.130436+00,TRUE
97b5f3da-bda2-49a7-9039-4fd6a09e1ddb,745f7a0e-d786-4f23-91f3-155078d630c6,C3_CH1_ST4,Lewis Structures,4,2026-06-20 14:59:21.130436+00,TRUE
b5fe6776-400e-4916-9bff-bda4169fc11c,745f7a0e-d786-4f23-91f3-155078d630c6,C3_CH1_ST5,Formal Charge,5,2026-06-20 14:59:21.130436+00,TRUE
dfc80657-9980-4a01-9be4-05abdb0e9d93,745f7a0e-d786-4f23-91f3-155078d630c6,C3_CH1_ST6,Resonance,6,2026-06-20 14:59:21.130436+00,TRUE
ae651aee-2d06-4fb7-8900-bf3bf65ecad1,745f7a0e-d786-4f23-91f3-155078d630c6,C3_CH1_ST7,VSEPR Theory,7,2026-06-20 14:59:21.130436+00,TRUE
1c7e5fd7-c8eb-4ce4-ace3-bda7f7058ec5,745f7a0e-d786-4f23-91f3-155078d630c6,C3_CH1_ST8,Hybridization,8,2026-06-20 14:59:21.130436+00,TRUE
743aa27a-369c-4f1a-9d6d-6868ea3cba03,745f7a0e-d786-4f23-91f3-155078d630c6,C3_CH1_ST9,Molecular Geometry,9,2026-06-20 14:59:21.130436+00,TRUE
000df0a9-4698-42ef-b521-7d8b1169c3cd,fcfcd476-77e8-4f7d-ae08-0956a08d5f8b,C4_CH1_ST1,Gas Laws,1,2026-06-20 15:32:56.960195+00,TRUE
f3f93890-1270-4ee0-be13-47ecac54b5b4,fcfcd476-77e8-4f7d-ae08-0956a08d5f8b,C4_CH1_ST10,Van der Waals Equation,10,2026-06-20 15:32:56.960195+00,TRUE
ccea73e5-60ec-4521-9bae-b9e64cc06542,fcfcd476-77e8-4f7d-ae08-0956a08d5f8b,C4_CH1_ST2,Boyle Law,2,2026-06-20 15:32:56.960195+00,TRUE
c0af7928-7f77-433e-9d8c-6d3ef65af598,fcfcd476-77e8-4f7d-ae08-0956a08d5f8b,C4_CH1_ST3,Charles Law,3,2026-06-20 15:32:56.960195+00,TRUE
39f5a5dd-101d-4c2e-9acc-01038681b09a,fcfcd476-77e8-4f7d-ae08-0956a08d5f8b,C4_CH1_ST4,Avogadro Law,4,2026-06-20 15:32:56.960195+00,TRUE
299f50a5-a0c9-4296-bab6-d084baa808f5,fcfcd476-77e8-4f7d-ae08-0956a08d5f8b,C4_CH1_ST5,Ideal Gas Equation,5,2026-06-20 15:32:56.960195+00,TRUE
ae970405-3736-40fc-b2a0-db1c8c51aa1b,fcfcd476-77e8-4f7d-ae08-0956a08d5f8b,C4_CH1_ST6,Dalton Law,6,2026-06-20 15:32:56.960195+00,TRUE
0006da19-6866-40b1-b056-db264a0f2558,fcfcd476-77e8-4f7d-ae08-0956a08d5f8b,C4_CH1_ST7,Graham Law,7,2026-06-20 15:32:56.960195+00,TRUE
fd1035e9-a4ed-4fb7-8d28-de29fe7fe370,fcfcd476-77e8-4f7d-ae08-0956a08d5f8b,C4_CH1_ST8,Kinetic Theory,8,2026-06-20 15:32:56.960195+00,TRUE
a7b4bea0-490a-4497-9582-1c8ba0eb66f0,fcfcd476-77e8-4f7d-ae08-0956a08d5f8b,C4_CH1_ST9,Real Gases,9,2026-06-20 15:32:56.960195+00,TRUE
53a99b5c-31f4-4465-b6ed-86bdc2f6a755,b9e0a18d-53fa-40b4-bc4a-2e6a3fb15683,C4_CH2_ST1,Surface Tension,1,2026-06-20 15:32:56.960195+00,TRUE
0893bf4e-22ac-4120-af81-e55351ad1582,b9e0a18d-53fa-40b4-bc4a-2e6a3fb15683,C4_CH2_ST2,Viscosity,2,2026-06-20 15:32:56.960195+00,TRUE
a8f32799-4d2d-427a-b06a-1197c2196ede,b9e0a18d-53fa-40b4-bc4a-2e6a3fb15683,C4_CH2_ST3,Vapour Pressure,3,2026-06-20 15:32:56.960195+00,TRUE
2d1fba49-afa3-4ffd-a735-03233c7e45b7,13661a35-fdd8-4262-a34c-8eba15db01e6,C5_CH1_ST1,System and Surroundings,1,2026-06-20 15:32:56.960195+00,TRUE
84b67e7c-e84a-4caa-8fb4-0f5f35f004db,13661a35-fdd8-4262-a34c-8eba15db01e6,C5_CH1_ST10,Entropy,10,2026-06-20 15:32:56.960195+00,TRUE
af6679f9-8f5b-4807-9057-8b8302c7ed45,13661a35-fdd8-4262-a34c-8eba15db01e6,C5_CH1_ST11,Gibbs Free Energy,11,2026-06-20 15:32:56.960195+00,TRUE
aefa12d2-0660-46fd-8149-c7d1d212592e,13661a35-fdd8-4262-a34c-8eba15db01e6,C5_CH1_ST2,Types of Processes,2,2026-06-20 15:32:56.960195+00,TRUE
afc26fdc-fcf8-4028-bbc2-e268bd66be84,13661a35-fdd8-4262-a34c-8eba15db01e6,C5_CH1_ST3,Internal Energy,3,2026-06-20 15:32:56.960195+00,TRUE
515363c5-0118-4656-aa49-434e05d85d68,13661a35-fdd8-4262-a34c-8eba15db01e6,C5_CH1_ST4,Work,4,2026-06-20 15:32:56.960195+00,TRUE
c1c099f1-77b7-41b8-9094-13a848914d08,13661a35-fdd8-4262-a34c-8eba15db01e6,C5_CH1_ST5,Heat,5,2026-06-20 15:32:56.960195+00,TRUE
abcba4ad-6978-4ab1-b58f-43b3254d0f55,13661a35-fdd8-4262-a34c-8eba15db01e6,C5_CH1_ST6,First Law of Thermodynamics,6,2026-06-20 15:32:56.960195+00,TRUE
eda875ef-2ba2-4ac4-874d-7929c57ad856,13661a35-fdd8-4262-a34c-8eba15db01e6,C5_CH1_ST7,Enthalpy,7,2026-06-20 15:32:56.960195+00,TRUE
97f0cd50-8ae5-4e47-84b6-5475f4d0008e,13661a35-fdd8-4262-a34c-8eba15db01e6,C5_CH1_ST8,Hess Law,8,2026-06-20 15:32:56.960195+00,TRUE
ad855804-c93c-48b1-822d-23a6a6cddb7b,13661a35-fdd8-4262-a34c-8eba15db01e6,C5_CH1_ST9,Bond Enthalpy,9,2026-06-20 15:32:56.960195+00,TRUE
b979cfca-843b-4beb-bc1f-aa6534c00d40,8934485b-936b-4341-bb4b-cc67d84d4f5a,C6_CH1_ST1,Law of Mass Action,1,2026-06-20 15:32:56.960195+00,TRUE
e736d5ea-6785-4c8f-9862-19c184277abe,8934485b-936b-4341-bb4b-cc67d84d4f5a,C6_CH1_ST2,Equilibrium Constant,2,2026-06-20 15:32:56.960195+00,TRUE
0bc908d4-5e56-45b5-92c2-c25a0d77a081,8934485b-936b-4341-bb4b-cc67d84d4f5a,C6_CH1_ST3,Relation Between Kc and Kp,3,2026-06-20 15:32:56.960195+00,TRUE
0e5f5197-65c9-4a7f-a9dc-70844ef6b1c5,8934485b-936b-4341-bb4b-cc67d84d4f5a,C6_CH1_ST4,Le Chatelier Principle,4,2026-06-20 15:32:56.960195+00,TRUE
49df94a5-2157-44b3-9312-a2e6f2642447,8934485b-936b-4341-bb4b-cc67d84d4f5a,C6_CH1_ST5,Degree of Dissociation,5,2026-06-20 15:32:56.960195+00,TRUE
ae80c527-5ed2-4850-822f-366001a0e3e4,8934485b-936b-4341-bb4b-cc67d84d4f5a,C6_CH1_ST6,Applications of Equilibrium,6,2026-06-20 15:32:56.960195+00,TRUE
738af728-27ad-47a4-ad7b-a7a86bda4faf,e12ece47-672f-4ffe-ad28-11118246b870,C7_CH1_ST1,Electrolytes,1,2026-06-20 15:32:56.960195+00,TRUE
ed92c4a0-c093-417d-80e8-230d84966ca9,e12ece47-672f-4ffe-ad28-11118246b870,C7_CH1_ST10,Base Strength,10,2026-06-20 15:32:56.960195+00,TRUE
33ae23ee-c641-410f-8e82-489f7852b0e9,e12ece47-672f-4ffe-ad28-11118246b870,C7_CH1_ST2,Ionic Product of Water,2,2026-06-20 15:32:56.960195+00,TRUE
5349af64-929a-4959-836e-93056fea7795,e12ece47-672f-4ffe-ad28-11118246b870,C7_CH1_ST3,pH Scale,3,2026-06-20 15:32:56.960195+00,TRUE
18a5342b-8c4b-43bc-af37-704025b04e25,e12ece47-672f-4ffe-ad28-11118246b870,C7_CH1_ST4,Buffer Solutions,4,2026-06-20 15:32:56.960195+00,TRUE
0cf0baf6-4f9c-4d63-855b-9de21de2bd06,e12ece47-672f-4ffe-ad28-11118246b870,C7_CH1_ST5,Common Ion Effect,5,2026-06-20 15:32:56.960195+00,TRUE
bf2363cf-9a9c-4067-a389-98e42aa7784d,e12ece47-672f-4ffe-ad28-11118246b870,C7_CH1_ST6,Hydrolysis,6,2026-06-20 15:32:56.960195+00,TRUE
78e06a8f-efd9-48d4-9ded-2d5611d3f41e,e12ece47-672f-4ffe-ad28-11118246b870,C7_CH1_ST7,Solubility Product,7,2026-06-20 15:32:56.960195+00,TRUE
816d3f79-032b-4de6-8925-5bb3030419f6,e12ece47-672f-4ffe-ad28-11118246b870,C7_CH1_ST8,Ksp Applications,8,2026-06-20 15:32:56.960195+00,TRUE
f4cfe0c8-2492-4524-907c-ed03f0a8bc2f,e12ece47-672f-4ffe-ad28-11118246b870,C7_CH1_ST9,Acid Strength,9,2026-06-20 15:32:56.960195+00,TRUE
d35de8ed-9184-4913-aeb5-c409d4dc754e,37d391be-fd3a-4975-9b04-d5318e7418a3,C8_CH1_ST1,Oxidation Number,1,2026-06-20 15:34:06.748698+00,TRUE
318bca5d-4061-477d-b49e-c483cf6aa97b,37d391be-fd3a-4975-9b04-d5318e7418a3,C8_CH1_ST2,Balancing Redox Reactions,2,2026-06-20 15:34:06.748698+00,TRUE
f9d0d310-1566-4955-b4e5-3bc08cb619b5,37d391be-fd3a-4975-9b04-d5318e7418a3,C8_CH1_ST3,Oxidation Process,3,2026-06-20 15:34:06.748698+00,TRUE
aa170cad-e53b-4739-be62-e2f6a46f5e4a,37d391be-fd3a-4975-9b04-d5318e7418a3,C8_CH1_ST4,Reduction Process,4,2026-06-20 15:34:06.748698+00,TRUE
4c65eef7-eb15-417d-a039-29e64a8e5caa,37d391be-fd3a-4975-9b04-d5318e7418a3,C8_CH1_ST5,Oxidizing Agents,5,2026-06-20 15:34:06.748698+00,TRUE
e5ff9b0b-9b6f-4128-b9fc-5c6ae836a67b,37d391be-fd3a-4975-9b04-d5318e7418a3,C8_CH1_ST6,Reducing Agents,6,2026-06-20 15:34:06.748698+00,TRUE
1a12a57d-dd52-494b-a399-e179c26d0354,37d391be-fd3a-4975-9b04-d5318e7418a3,C8_CH1_ST7,Disproportionation,7,2026-06-20 15:34:06.748698+00,TRUE
1508f0f4-756b-43b8-8201-ab530c914e84,37d391be-fd3a-4975-9b04-d5318e7418a3,C8_CH1_ST8,Equivalent Concept,8,2026-06-20 15:34:06.748698+00,TRUE
b4d0cc6b-cb6d-4551-9b52-db1fa21d7b3f,82163758-6a2b-41e6-9381-23350b13e5b5,C9_CH1_ST1,Types of Solutions,1,2026-06-20 15:34:06.748698+00,TRUE
46d7380e-1d42-42e7-a88a-007d3574d5ae,82163758-6a2b-41e6-9381-23350b13e5b5,C9_CH1_ST10,Colligative Properties,10,2026-06-20 15:34:06.748698+00,TRUE
6a76bdf9-ec5c-4560-aaa4-066269b3953d,82163758-6a2b-41e6-9381-23350b13e5b5,C9_CH1_ST11,Elevation in Boiling Point,11,2026-06-20 15:34:06.748698+00,TRUE
0bb6862f-069b-4988-922f-c26665fbd8e7,82163758-6a2b-41e6-9381-23350b13e5b5,C9_CH1_ST12,Depression in Freezing Point,12,2026-06-20 15:34:06.748698+00,TRUE
045f2522-a562-4097-8a56-8406bea0b97f,82163758-6a2b-41e6-9381-23350b13e5b5,C9_CH1_ST13,Osmotic Pressure,13,2026-06-20 15:34:06.748698+00,TRUE
01f74a81-7100-4d3c-aac1-1c9b21a89d96,82163758-6a2b-41e6-9381-23350b13e5b5,C9_CH1_ST14,Abnormal Molecular Mass,14,2026-06-20 15:34:06.748698+00,TRUE
8b53b2c4-88a1-4a6e-a717-02d311323a6d,82163758-6a2b-41e6-9381-23350b13e5b5,C9_CH1_ST2,Concentration Terms,2,2026-06-20 15:34:06.748698+00,TRUE
ad4e25bf-8902-4fe3-be4c-0d9f42d8e329,82163758-6a2b-41e6-9381-23350b13e5b5,C9_CH1_ST3,Mole Fraction,3,2026-06-20 15:34:06.748698+00,TRUE
b168cca6-bcd7-4676-adf2-ead615e71a84,82163758-6a2b-41e6-9381-23350b13e5b5,C9_CH1_ST4,Molarity,4,2026-06-20 15:34:06.748698+00,TRUE
4deeac2d-e407-426a-b131-7bf554783384,82163758-6a2b-41e6-9381-23350b13e5b5,C9_CH1_ST5,Molality,5,2026-06-20 15:34:06.748698+00,TRUE
e2a28e6f-ef09-45a3-998b-374b0a46327a,82163758-6a2b-41e6-9381-23350b13e5b5,C9_CH1_ST6,Vapour Pressure,6,2026-06-20 15:34:06.748698+00,TRUE
7726b2a8-cead-4a10-b05f-98a778775c8d,82163758-6a2b-41e6-9381-23350b13e5b5,C9_CH1_ST7,Raoult Law,7,2026-06-20 15:34:06.748698+00,TRUE
54c4e4c1-35f8-4790-9c3b-198a9cea8d97,82163758-6a2b-41e6-9381-23350b13e5b5,C9_CH1_ST8,Ideal Solutions,8,2026-06-20 15:34:06.748698+00,TRUE
a4a08560-20df-4933-b971-23c694216a6c,82163758-6a2b-41e6-9381-23350b13e5b5,C9_CH1_ST9,Non-Ideal Solutions,9,2026-06-20 15:34:06.748698+00,TRUE
